scenario_id,family,split,controller,trajectory_type,termination_reason,mission_success,safety_success,control_success,coverage_group,position_rmse_m,position_max_err_m,collective_thrust_mean_N,body_moment_norm_mean_Nm,control_effort_heuristic_mean,saturation_percentage,degradation_percentage,force_norm_clip_percentage,force_tilt_clip_percentage,success
hold_g01_P0_nominal_s1042,hold,train,classic_pid_hold,hold,Time limit reached,True,True,True,baseline_partial,2.049955485217524e-16,5.593039953563551e-16,9.809999999999999,2.670013431179546e-16,9.809999999999999,0.0,0.0,0.0,0.0,1.0
hold_g01_P0_nominal_s1042,hold,train,classic_pid_representative,hold,Time limit reached,True,True,True,baseline_partial,2.049955485217524e-16,5.593039953563551e-16,9.809999999999999,2.670013431179546e-16,9.809999999999999,0.0,0.0,0.0,0.0,1.0
hold_g01_P2_wind_east_s1043,hold,train,classic_pid_hold,hold,Time limit reached,True,True,True,baseline_partial,0.036941804174440325,0.06689152827668464,9.810047866365384,0.00032787379560367974,9.810375740160987,0.0,0.0,0.0,0.0,1.0
hold_g01_P2_wind_east_s1043,hold,train,classic_pid_representative,hold,Time limit reached,True,True,True,baseline_partial,0.036941804174440325,0.06689152827668464,9.810047866365384,0.00032787379560367974,9.810375740160987,0.0,0.0,0.0,0.0,1.0
hold_g01_P5_combined_s1044,hold,train,classic_pid_hold,hold,Time limit reached,True,True,True,baseline_partial,0.13248644448750768,0.2270612024882448,9.815243635471367,0.07659772935785018,9.891841364829219,0.0,0.0,0.0,0.0,1.0
hold_g01_P5_combined_s1044,hold,train,classic_pid_representative,hold,Time limit reached,True,True,True,baseline_partial,0.13248644448750768,0.2270612024882448,9.815243635471367,0.07659772935785018,9.891841364829219,0.0,0.0,0.0,0.0,1.0
hold_g02_P0_nominal_s1045,hold,train,classic_pid_hold,hold,Time limit reached,True,True,True,baseline_partial,2.049955485217524e-16,5.593039953563551e-16,9.809999999999999,2.670013431179546e-16,9.809999999999999,0.0,0.0,0.0,0.0,1.0
hold_g02_P0_nominal_s1045,hold,train,classic_pid_representative,hold,Time limit reached,True,True,True,baseline_partial,2.049955485217524e-16,5.593039953563551e-16,9.809999999999999,2.670013431179546e-16,9.809999999999999,0.0,0.0,0.0,0.0,1.0
hold_g02_P2_wind_east_s1046,hold,train,classic_pid_hold,hold,Time limit reached,True,True,True,baseline_partial,0.03694180417444033,0.06689152827668475,9.810047866365384,0.0003278737956036844,9.810375740160987,0.0,0.0,0.0,0.0,1.0
hold_g02_P2_wind_east_s1046,hold,train,classic_pid_representative,hold,Time limit reached,True,True,True,baseline_partial,0.03694180417444033,0.06689152827668475,9.810047866365384,0.0003278737956036844,9.810375740160987,0.0,0.0,0.0,0.0,1.0
hold_g02_P5_combined_s1047,hold,val,classic_pid_hold,hold,Time limit reached,True,True,True,baseline_partial,0.1342432573697215,0.22750955854822355,9.81530899401275,0.07502150470348856,9.890330498716235,0.0,0.0,0.0,0.0,1.0
hold_g02_P5_combined_s1047,hold,val,classic_pid_representative,hold,Time limit reached,True,True,True,baseline_partial,0.1342432573697215,0.22750955854822355,9.81530899401275,0.07502150470348856,9.890330498716235,0.0,0.0,0.0,0.0,1.0
hold_g03_P0_nominal_s1048,hold,test,classic_pid_hold,hold,Time limit reached,True,True,True,comparable,2.049955485217524e-16,5.593039953563551e-16,9.809999999999999,2.670013431179546e-16,9.809999999999999,0.0,0.0,0.0,0.0,1.0
hold_g03_P0_nominal_s1048,hold,test,classic_pid_representative,hold,Time limit reached,True,True,True,comparable,2.049955485217524e-16,5.593039953563551e-16,9.809999999999999,2.670013431179546e-16,9.809999999999999,0.0,0.0,0.0,0.0,1.0
hold_g03_P2_wind_east_s1049,hold,test,classic_pid_hold,hold,Time limit reached,True,True,True,comparable,0.03694180417444031,0.06689152827668463,9.810047866365384,0.00032787379560369453,9.810375740160987,0.0,0.0,0.0,0.0,1.0
hold_g03_P2_wind_east_s1049,hold,test,classic_pid_representative,hold,Time limit reached,True,True,True,comparable,0.03694180417444031,0.06689152827668463,9.810047866365384,0.00032787379560369453,9.810375740160987,0.0,0.0,0.0,0.0,1.0
hold_g03_P5_combined_s1050,hold,val,classic_pid_hold,hold,Time limit reached,True,True,True,baseline_partial,0.13476390790496504,0.23503530699944197,9.8194408859269,0.07421130702567229,9.893652192952572,0.0,0.0,0.0,0.0,1.0
hold_g03_P5_combined_s1050,hold,val,classic_pid_representative,hold,Time limit reached,True,True,True,baseline_partial,0.13476390790496504,0.23503530699944197,9.8194408859269,0.07421130702567229,9.893652192952572,0.0,0.0,0.0,0.0,1.0
hold_g04_P0_nominal_s1051,hold,train,classic_pid_hold,hold,Time limit reached,True,True,True,baseline_partial,0.0,0.0,9.810000000000002,0.0,9.810000000000002,0.0,0.0,0.0,0.0,1.0
hold_g04_P0_nominal_s1051,hold,train,classic_pid_representative,hold,Time limit reached,True,True,True,baseline_partial,0.0,0.0,9.810000000000002,0.0,9.810000000000002,0.0,0.0,0.0,0.0,1.0
hold_g04_P2_wind_east_s1052,hold,train,classic_pid_hold,hold,Time limit reached,True,True,True,baseline_partial,0.03694180410323673,0.06689152808463149,9.810047866427134,0.00032792627587760096,9.81037579270301,0.0,0.0,0.0,0.0,1.0
hold_g04_P2_wind_east_s1052,hold,train,classic_pid_representative,hold,Time limit reached,True,True,True,baseline_partial,0.03694180410323673,0.06689152808463149,9.810047866427134,0.00032792627587760096,9.81037579270301,0.0,0.0,0.0,0.0,1.0
hold_g04_P5_combined_s1053,hold,train,classic_pid_hold,hold,Time limit reached,True,True,True,baseline_partial,0.1343265065693075,0.2401332899197262,9.82185305682024,0.07270864211718829,9.89456169893743,0.0,0.0,0.0,0.0,1.0
hold_g04_P5_combined_s1053,hold,train,classic_pid_representative,hold,Time limit reached,True,True,True,baseline_partial,0.1343265065693075,0.2401332899197262,9.82185305682024,0.07270864211718829,9.89456169893743,0.0,0.0,0.0,0.0,1.0
hold_g05_P0_nominal_s1054,hold,train,classic_pid_hold,hold,Time limit reached,True,True,True,baseline_partial,0.0,0.0,9.810000000000002,0.0,9.810000000000002,0.0,0.0,0.0,0.0,1.0
hold_g05_P0_nominal_s1054,hold,train,classic_pid_representative,hold,Time limit reached,True,True,True,baseline_partial,0.0,0.0,9.810000000000002,0.0,9.810000000000002,0.0,0.0,0.0,0.0,1.0
hold_g05_P2_wind_east_s1055,hold,val,classic_pid_hold,hold,Time limit reached,True,True,True,baseline_partial,0.03694180410323685,0.0668915280846316,9.810047866427134,0.0003279262758776285,9.81037579270301,0.0,0.0,0.0,0.0,1.0
hold_g05_P2_wind_east_s1055,hold,val,classic_pid_representative,hold,Time limit reached,True,True,True,baseline_partial,0.03694180410323685,0.0668915280846316,9.810047866427134,0.0003279262758776285,9.81037579270301,0.0,0.0,0.0,0.0,1.0
hold_g05_P5_combined_s1056,hold,test,classic_pid_hold,hold,Time limit reached,True,True,True,comparable,0.133163054940717,0.21979686167202844,9.814611763876979,0.07622026716064427,9.890832031037622,0.0,0.0,0.0,0.0,1.0
hold_g05_P5_combined_s1056,hold,test,classic_pid_representative,hold,Time limit reached,True,True,True,comparable,0.133163054940717,0.21979686167202844,9.814611763876979,0.07622026716064427,9.890832031037622,0.0,0.0,0.0,0.0,1.0
hold_g06_P0_nominal_s1057,hold,train,classic_pid_hold,hold,Time limit reached,True,True,True,baseline_partial,0.0,0.0,9.810000000000002,0.0,9.810000000000002,0.0,0.0,0.0,0.0,1.0
hold_g06_P0_nominal_s1057,hold,train,classic_pid_representative,hold,Time limit reached,True,True,True,baseline_partial,0.0,0.0,9.810000000000002,0.0,9.810000000000002,0.0,0.0,0.0,0.0,1.0
hold_g06_P2_wind_east_s1058,hold,train,classic_pid_hold,hold,Time limit reached,True,True,True,baseline_partial,0.03694180410323673,0.06689152808463147,9.810047866427134,0.00032792627587759684,9.81037579270301,0.0,0.0,0.0,0.0,1.0
hold_g06_P2_wind_east_s1058,hold,train,classic_pid_representative,hold,Time limit reached,True,True,True,baseline_partial,0.03694180410323673,0.06689152808463147,9.810047866427134,0.00032792627587759684,9.81037579270301,0.0,0.0,0.0,0.0,1.0
hold_g06_P5_combined_s1059,hold,train,classic_pid_hold,hold,Time limit reached,True,True,True,baseline_partial,0.1338744407039504,0.21540570080451416,9.835070175973456,0.07522174756934678,9.910291923542804,0.0,0.0,0.0,0.0,1.0
hold_g06_P5_combined_s1059,hold,train,classic_pid_representative,hold,Time limit reached,True,True,True,baseline_partial,0.1338744407039504,0.21540570080451416,9.835070175973456,0.07522174756934678,9.910291923542804,0.0,0.0,0.0,0.0,1.0
circle_g01_P0_nominal_s1060,circle,train,classic_pid_circle,circle,Time limit reached,True,True,True,baseline_partial,0.057151893324457005,0.36624499452399123,9.819647650738569,0.003786436738858016,9.823434087477427,0.0,0.0,0.0,0.0,1.0
circle_g01_P0_nominal_s1060,circle,train,classic_pid_representative,circle,Time limit reached,True,True,True,baseline_partial,0.057151893324457005,0.36624499452399123,9.819647650738569,0.003786436738858016,9.823434087477427,0.0,0.0,0.0,0.0,1.0
circle_g01_P1_drag_high_s1061,circle,train,classic_pid_circle,circle,Time limit reached,True,True,True,baseline_partial,0.06750113194791775,0.3705055185115323,9.819356016255856,0.003702380971477386,9.823058397227335,0.0,0.0,0.0,0.0,1.0
circle_g01_P1_drag_high_s1061,circle,train,classic_pid_representative,circle,Time limit reached,True,True,True,baseline_partial,0.06750113194791775,0.3705055185115323,9.819356016255856,0.003702380971477386,9.823058397227335,0.0,0.0,0.0,0.0,1.0
circle_g01_P2_wind_east_s1062,circle,train,classic_pid_circle,circle,Time limit reached,True,True,True,baseline_partial,0.0686651036282873,0.36981533773980896,9.819630128686526,0.0037361092483930904,9.823366237934918,0.0,0.0,0.0,0.0,1.0
circle_g01_P2_wind_east_s1062,circle,train,classic_pid_representative,circle,Time limit reached,True,True,True,baseline_partial,0.0686651036282873,0.36981533773980896,9.819630128686526,0.0037361092483930904,9.823366237934918,0.0,0.0,0.0,0.0,1.0
circle_g01_P3_wind_ne_s1063,circle,train,classic_pid_circle,circle,Time limit reached,True,True,True,baseline_partial,0.07650812370166128,0.3452109199961502,9.819804992873213,0.003747021047135374,9.823552013920347,0.0,0.0,0.0,0.0,1.0
circle_g01_P3_wind_ne_s1063,circle,train,classic_pid_representative,circle,Time limit reached,True,True,True,baseline_partial,0.07650812370166128,0.3452109199961502,9.819804992873213,0.003747021047135374,9.823552013920347,0.0,0.0,0.0,0.0,1.0
circle_g01_P4_noise_low_s1064,circle,train,classic_pid_circle,circle,Time limit reached,True,True,True,baseline_partial,0.05774252938077542,0.3648361509809616,9.82103058367425,0.040415652106439014,9.86144623578069,0.0,0.0,0.0,0.0,1.0
circle_g01_P4_noise_low_s1064,circle,train,classic_pid_representative,circle,Time limit reached,True,True,True,baseline_partial,0.05774252938077542,0.3648361509809616,9.82103058367425,0.040415652106439014,9.86144623578069,0.0,0.0,0.0,0.0,1.0
circle_g01_P5_combined_s1065,circle,train,classic_pid_circle,circle,Time limit reached,True,True,True,baseline_partial,0.14992580523943372,0.3350308575728714,9.81995087925733,0.11582814089939168,9.93577902015672,0.0,0.8869179600886918,0.0,0.0,1.0
circle_g01_P5_combined_s1065,circle,train,classic_pid_representative,circle,Time limit reached,True,True,True,baseline_partial,0.14992580523943372,0.3350308575728714,9.81995087925733,0.11582814089939168,9.93577902015672,0.0,0.8869179600886918,0.0,0.0,1.0
circle_g02_P0_nominal_s1066,circle,test,classic_pid_circle,circle,Time limit reached,True,True,True,comparable,0.04158615888895835,0.2584327140308481,9.812865053361945,0.002425062243297556,9.815290115605244,0.0,0.0,0.0,0.0,1.0
circle_g02_P0_nominal_s1066,circle,test,classic_pid_representative,circle,Time limit reached,True,True,True,comparable,0.04158615888895835,0.2584327140308481,9.812865053361945,0.002425062243297556,9.815290115605244,0.0,0.0,0.0,0.0,1.0
circle_g02_P1_drag_high_s1067,circle,train,classic_pid_circle,circle,Time limit reached,True,True,True,baseline_partial,0.050691308906828575,0.261421751495356,9.812751325597258,0.0023588434329543696,9.815110169030213,0.0,0.0,0.0,0.0,1.0
circle_g02_P1_drag_high_s1067,circle,train,classic_pid_representative,circle,Time limit reached,True,True,True,baseline_partial,0.050691308906828575,0.261421751495356,9.812751325597258,0.0023588434329543696,9.815110169030213,0.0,0.0,0.0,0.0,1.0
circle_g02_P2_wind_east_s1068,circle,train,classic_pid_circle,circle,Time limit reached,True,True,True,baseline_partial,0.05677684871588709,0.2615727770170245,9.812880644721588,0.002386097128733756,9.815266741850325,0.0,0.0,0.0,0.0,1.0
circle_g02_P2_wind_east_s1068,circle,train,classic_pid_representative,circle,Time limit reached,True,True,True,baseline_partial,0.05677684871588709,0.2615727770170245,9.812880644721588,0.002386097128733756,9.815266741850325,0.0,0.0,0.0,0.0,1.0
circle_g02_P3_wind_ne_s1069,circle,train,classic_pid_circle,circle,Time limit reached,True,True,True,baseline_partial,0.06640783590293631,0.2369041015320257,9.813007560685794,0.0023984084134880267,9.815405969099277,0.0,0.0,0.0,0.0,1.0
circle_g02_P3_wind_ne_s1069,circle,train,classic_pid_representative,circle,Time limit reached,True,True,True,baseline_partial,0.06640783590293631,0.2369041015320257,9.813007560685794,0.0023984084134880267,9.815405969099277,0.0,0.0,0.0,0.0,1.0
circle_g02_P4_noise_low_s1070,circle,train,classic_pid_circle,circle,Time limit reached,True,True,True,baseline_partial,0.041977246915557154,0.2577635145251288,9.81748272291734,0.03945472956162275,9.856937452478963,0.0,0.0,0.0,0.0,1.0
circle_g02_P4_noise_low_s1070,circle,train,classic_pid_representative,circle,Time limit reached,True,True,True,baseline_partial,0.041977246915557154,0.2577635145251288,9.81748272291734,0.03945472956162275,9.856937452478963,0.0,0.0,0.0,0.0,1.0
circle_g02_P5_combined_s1071,circle,test,classic_pid_circle,circle,Time limit reached,True,True,True,comparable,0.14469503907787098,0.23879526491798994,9.81716459866426,0.11591557197130646,9.933080170635563,0.0,0.0,0.0,0.0,1.0
circle_g02_P5_combined_s1071,circle,test,classic_pid_representative,circle,Time limit reached,True,True,True,comparable,0.14469503907787098,0.23879526491798994,9.81716459866426,0.11591557197130646,9.933080170635563,0.0,0.0,0.0,0.0,1.0
circle_g03_P0_nominal_s1072,circle,train,classic_pid_circle,circle,Time limit reached,True,True,True,baseline_partial,0.07621339242353173,0.4883404405796492,9.826877881730976,0.004597437476869402,9.831475319207843,0.0,0.0,0.0,0.0,1.0
circle_g03_P0_nominal_s1072,circle,train,classic_pid_representative,circle,Time limit reached,True,True,True,baseline_partial,0.07621339242353173,0.4883404405796492,9.826877881730976,0.004597437476869402,9.831475319207843,0.0,0.0,0.0,0.0,1.0
circle_g03_P1_drag_high_s1073,circle,train,classic_pid_circle,circle,Time limit reached,True,True,True,baseline_partial,0.08999729852594272,0.4939787489598561,9.826360540237339,0.004480601595450211,9.830841141832789,0.0,0.0,0.0,0.0,1.0
circle_g03_P1_drag_high_s1073,circle,train,classic_pid_representative,circle,Time limit reached,True,True,True,baseline_partial,0.08999729852594272,0.4939787489598561,9.826360540237339,0.004480601595450211,9.830841141832789,0.0,0.0,0.0,0.0,1.0
circle_g03_P2_wind_east_s1074,circle,val,classic_pid_circle,circle,Time limit reached,True,True,True,baseline_partial,0.08536490358543714,0.49165768617600414,9.826851046297312,0.004541579325553254,9.831392625622867,0.0,0.0,0.0,0.0,1.0
circle_g03_P2_wind_east_s1074,circle,val,classic_pid_representative,circle,Time limit reached,True,True,True,baseline_partial,0.08536490358543714,0.49165768617600414,9.826851046297312,0.004541579325553254,9.831392625622867,0.0,0.0,0.0,0.0,1.0
circle_g03_P3_wind_ne_s1075,circle,train,classic_pid_circle,circle,Time limit reached,True,True,True,baseline_partial,0.09141008398875884,0.46705227077176986,9.827080353233896,0.004552090300906234,9.831632443534803,0.0,0.0,0.0,0.0,1.0
circle_g03_P3_wind_ne_s1075,circle,train,classic_pid_representative,circle,Time limit reached,True,True,True,baseline_partial,0.09141008398875884,0.46705227077176986,9.827080353233896,0.004552090300906234,9.831632443534803,0.0,0.0,0.0,0.0,1.0
circle_g03_P4_noise_low_s1076,circle,val,classic_pid_circle,circle,Time limit reached,True,True,True,baseline_partial,0.07626424098309155,0.48766282407518596,9.81749475635052,0.043168353683191864,9.860663110033713,0.0,0.22172949002217296,0.0,0.0,1.0
circle_g03_P4_noise_low_s1076,circle,val,classic_pid_representative,circle,Time limit reached,True,True,True,baseline_partial,0.07626424098309155,0.48766282407518596,9.81749475635052,0.043168353683191864,9.860663110033713,0.0,0.22172949002217296,0.0,0.0,1.0
circle_g03_P5_combined_s1077,circle,train,classic_pid_circle,circle,Time limit reached,True,True,True,baseline_partial,0.16265674520866502,0.4633692615886193,9.830241612167173,0.11945490746351577,9.94969651963069,0.0,0.8869179600886918,0.0,0.0,1.0
circle_g03_P5_combined_s1077,circle,train,classic_pid_representative,circle,Time limit reached,True,True,True,baseline_partial,0.16265674520866502,0.4633692615886193,9.830241612167173,0.11945490746351577,9.94969651963069,0.0,0.8869179600886918,0.0,0.0,1.0
circle_g04_P0_nominal_s1078,circle,train,classic_pid_circle,circle,Time limit reached,True,True,True,baseline_partial,0.05238853587495298,0.3591994278902751,9.796246630505367,0.004393114598061393,9.800639745103428,0.0,1.3303769401330376,0.0,0.0,1.0
circle_g04_P0_nominal_s1078,circle,train,classic_pid_representative,circle,Time limit reached,True,True,True,baseline_partial,0.05238853587495298,0.3591994278902751,9.796246630505367,0.004393114598061393,9.800639745103428,0.0,1.3303769401330376,0.0,0.0,1.0
circle_g04_P1_drag_high_s1079,circle,train,classic_pid_circle,circle,Time limit reached,True,True,True,baseline_partial,0.05645466464280437,0.3616860642389355,9.796164609309223,0.004337520730775569,9.800502130039996,0.0,1.3303769401330376,0.0,0.0,1.0
circle_g04_P1_drag_high_s1079,circle,train,classic_pid_representative,circle,Time limit reached,True,True,True,baseline_partial,0.05645466464280437,0.3616860642389355,9.796164609309223,0.004337520730775569,9.800502130039996,0.0,1.3303769401330376,0.0,0.0,1.0
circle_g04_P2_wind_east_s1080,circle,train,classic_pid_circle,circle,Time limit reached,True,True,True,baseline_partial,0.06341971305681632,0.3583560414702288,9.797356758451507,0.004345852530120876,9.801702610981627,0.0,1.3303769401330376,0.0,0.0,1.0
circle_g04_P2_wind_east_s1080,circle,train,classic_pid_representative,circle,Time limit reached,True,True,True,baseline_partial,0.06341971305681632,0.3583560414702288,9.797356758451507,0.004345852530120876,9.801702610981627,0.0,1.3303769401330376,0.0,0.0,1.0
circle_g04_P3_wind_ne_s1081,circle,train,classic_pid_circle,circle,Time limit reached,True,True,True,baseline_partial,0.07227623230656795,0.33596350606849085,9.797578072747521,0.004344726870848169,9.80192279961837,0.0,1.3303769401330376,0.0,0.0,1.0
circle_g04_P3_wind_ne_s1081,circle,train,classic_pid_representative,circle,Time limit reached,True,True,True,baseline_partial,0.07227623230656795,0.33596350606849085,9.797578072747521,0.004344726870848169,9.80192279961837,0.0,1.3303769401330376,0.0,0.0,1.0
circle_g04_P4_noise_low_s1082,circle,train,classic_pid_circle,circle,Time limit reached,True,True,True,baseline_partial,0.05348305950740922,0.3674609065400174,9.794750912451011,0.03991858613741391,9.834669498588422,0.0,1.3303769401330376,0.0,0.0,1.0
circle_g04_P4_noise_low_s1082,circle,train,classic_pid_representative,circle,Time limit reached,True,True,True,baseline_partial,0.05348305950740922,0.3674609065400174,9.794750912451011,0.03991858613741391,9.834669498588422,0.0,1.3303769401330376,0.0,0.0,1.0
circle_g04_P5_combined_s1083,circle,test,classic_pid_circle,circle,Time limit reached,True,True,True,comparable,0.14969864547742512,0.4690236109721616,9.781610625426879,0.11059850539877505,9.892209130825655,0.0,1.5521064301552108,0.0,0.0,1.0
circle_g04_P5_combined_s1083,circle,test,classic_pid_representative,circle,Time limit reached,True,True,True,comparable,0.14969864547742512,0.4690236109721616,9.781610625426879,0.11059850539877505,9.892209130825655,0.0,1.5521064301552108,0.0,0.0,1.0
circle_g05_P0_nominal_s1084,circle,val,classic_pid_circle,circle,Time limit reached,True,True,True,baseline_partial,0.06931676207856718,0.43070155916064334,9.817728903579019,0.0034195988741329785,9.82114850245315,0.0,0.0,0.0,0.0,1.0
circle_g05_P0_nominal_s1084,circle,val,classic_pid_representative,circle,Time limit reached,True,True,True,baseline_partial,0.06931676207856718,0.43070155916064334,9.817728903579019,0.0034195988741329785,9.82114850245315,0.0,0.0,0.0,0.0,1.0
circle_g05_P1_drag_high_s1085,circle,train,classic_pid_circle,circle,Time limit reached,True,True,True,baseline_partial,0.08447659228916611,0.4356425154596248,9.817413744108372,0.0033023175887219227,9.820716061697093,0.0,0.0,0.0,0.0,1.0
circle_g05_P1_drag_high_s1085,circle,train,classic_pid_representative,circle,Time limit reached,True,True,True,baseline_partial,0.08447659228916611,0.4356425154596248,9.817413744108372,0.0033023175887219227,9.820716061697093,0.0,0.0,0.0,0.0,1.0
circle_g05_P2_wind_east_s1086,circle,train,classic_pid_circle,circle,Time limit reached,True,True,True,baseline_partial,0.07995338534278759,0.4333324113730589,9.817748605337377,0.0033718820864070713,9.821120487423784,0.0,0.0,0.0,0.0,1.0
circle_g05_P2_wind_east_s1086,circle,train,classic_pid_representative,circle,Time limit reached,True,True,True,baseline_partial,0.07995338534278759,0.4333324113730589,9.817748605337377,0.0033718820864070713,9.821120487423784,0.0,0.0,0.0,0.0,1.0
circle_g05_P3_wind_ne_s1087,circle,val,classic_pid_circle,circle,Time limit reached,True,True,True,baseline_partial,0.08643202928922318,0.4085859184157129,9.817953469037597,0.003383631085657902,9.821337100123253,0.0,0.0,0.0,0.0,1.0
circle_g05_P3_wind_ne_s1087,circle,val,classic_pid_representative,circle,Time limit reached,True,True,True,baseline_partial,0.08643202928922318,0.4085859184157129,9.817953469037597,0.003383631085657902,9.821337100123253,0.0,0.0,0.0,0.0,1.0
circle_g05_P4_noise_low_s1088,circle,train,classic_pid_circle,circle,Time limit reached,True,True,True,baseline_partial,0.06990901038502677,0.43076457076604246,9.819550065517841,0.03924391515326234,9.858793980671106,0.0,0.0,0.0,0.0,1.0
circle_g05_P4_noise_low_s1088,circle,train,classic_pid_representative,circle,Time limit reached,True,True,True,baseline_partial,0.06990901038502677,0.43076457076604246,9.819550065517841,0.03924391515326234,9.858793980671106,0.0,0.0,0.0,0.0,1.0
circle_g05_P5_combined_s1089,circle,train,classic_pid_circle,circle,Time limit reached,True,True,True,baseline_partial,0.15950030803132717,0.40211319874691126,9.856015876311897,0.10804907756847335,9.964064953880372,0.0,0.0,0.0,0.0,1.0
circle_g05_P5_combined_s1089,circle,train,classic_pid_representative,circle,Time limit reached,True,True,True,baseline_partial,0.15950030803132717,0.40211319874691126,9.856015876311897,0.10804907756847335,9.964064953880372,0.0,0.0,0.0,0.0,1.0
circle_g06_P0_nominal_s1090,circle,train,classic_pid_circle,circle,Time limit reached,True,True,True,baseline_partial,0.027723357397605137,0.17229150143372368,9.811343748719763,0.0019544525974809685,9.813298201317242,0.0,0.0,0.0,0.0,1.0
circle_g06_P0_nominal_s1090,circle,train,classic_pid_representative,circle,Time limit reached,True,True,True,baseline_partial,0.027723357397605137,0.17229150143372368,9.811343748719763,0.0019544525974809685,9.813298201317242,0.0,0.0,0.0,0.0,1.0
circle_g06_P1_drag_high_s1091,circle,val,classic_pid_circle,circle,Time limit reached,True,True,True,baseline_partial,0.03379538645108669,0.17428932894794522,9.811293166025797,0.001912864544302282,9.813206030570099,0.0,0.0,0.0,0.0,1.0
circle_g06_P1_drag_high_s1091,circle,val,classic_pid_representative,circle,Time limit reached,True,True,True,baseline_partial,0.03379538645108669,0.17428932894794522,9.811293166025797,0.001912864544302282,9.813206030570099,0.0,0.0,0.0,0.0,1.0
circle_g06_P2_wind_east_s1092,circle,train,classic_pid_circle,circle,Time limit reached,True,True,True,baseline_partial,0.04706903080350885,0.17603170991124545,9.811357237280355,0.001922308585695178,9.813279545866049,0.0,0.0,0.0,0.0,1.0
circle_g06_P2_wind_east_s1092,circle,train,classic_pid_representative,circle,Time limit reached,True,True,True,baseline_partial,0.04706903080350885,0.17603170991124545,9.811357237280355,0.001922308585695178,9.813279545866049,0.0,0.0,0.0,0.0,1.0
circle_g06_P3_wind_ne_s1093,circle,val,classic_pid_circle,circle,Time limit reached,True,True,True,baseline_partial,0.05879403311522505,0.15240161250934972,9.811445019575814,0.0019354059231874927,9.813380425499005,0.0,0.0,0.0,0.0,1.0
circle_g06_P3_wind_ne_s1093,circle,val,classic_pid_representative,circle,Time limit reached,True,True,True,baseline_partial,0.05879403311522505,0.15240161250934972,9.811445019575814,0.0019354059231874927,9.813380425499005,0.0,0.0,0.0,0.0,1.0
circle_g06_P4_noise_low_s1094,circle,test,classic_pid_circle,circle,Time limit reached,True,True,True,comparable,0.028000929624545305,0.17077010536865736,9.819741502351608,0.04078663727066323,9.86052813962227,0.0,0.0,0.0,0.0,1.0
circle_g06_P4_noise_low_s1094,circle,test,classic_pid_representative,circle,Time limit reached,True,True,True,comparable,0.028000929624545305,0.17077010536865736,9.819741502351608,0.04078663727066323,9.86052813962227,0.0,0.0,0.0,0.0,1.0
circle_g06_P5_combined_s1095,circle,train,classic_pid_circle,circle,Time limit reached,True,True,True,baseline_partial,0.13956269643585362,0.23253048863315287,9.81593880977122,0.11210878126806592,9.928047591039284,0.0,0.0,0.0,0.0,1.0
circle_g06_P5_combined_s1095,circle,train,classic_pid_representative,circle,Time limit reached,True,True,True,baseline_partial,0.13956269643585362,0.23253048863315287,9.81593880977122,0.11210878126806592,9.928047591039284,0.0,0.0,0.0,0.0,1.0
circle_g07_P0_nominal_s1096,circle,train,classic_pid_circle,circle,Time limit reached,True,True,True,baseline_partial,0.09406171874919998,0.618898144864988,9.82691739575399,0.007007818194627682,9.833925213948621,0.0,1.3303769401330376,0.0,0.0,1.0
circle_g07_P0_nominal_s1096,circle,train,classic_pid_representative,circle,Time limit reached,True,True,True,baseline_partial,0.09406171874919998,0.618898144864988,9.82691739575399,0.007007818194627682,9.833925213948621,0.0,1.3303769401330376,0.0,0.0,1.0
circle_g07_P1_drag_high_s1097,circle,train,classic_pid_circle,circle,Time limit reached,True,True,True,baseline_partial,0.10333510228277773,0.6252558236631829,9.826112769640012,0.006878101831026419,9.83299087147104,0.0,1.3303769401330376,0.0,0.0,1.0
circle_g07_P1_drag_high_s1097,circle,train,classic_pid_representative,circle,Time limit reached,True,True,True,baseline_partial,0.10333510228277773,0.6252558236631829,9.826112769640012,0.006878101831026419,9.83299087147104,0.0,1.3303769401330376,0.0,0.0,1.0
circle_g07_P2_wind_east_s1098,circle,test,classic_pid_circle,circle,Time limit reached,True,True,True,comparable,0.10063281233507052,0.6205280415727021,9.828963060144945,0.006937796146743814,9.835900856291687,0.0,1.3303769401330376,0.0,0.0,1.0
circle_g07_P2_wind_east_s1098,circle,test,classic_pid_representative,circle,Time limit reached,True,True,True,comparable,0.10063281233507052,0.6205280415727021,9.828963060144945,0.006937796146743814,9.835900856291687,0.0,1.3303769401330376,0.0,0.0,1.0
circle_g07_P3_wind_ne_s1099,circle,test,classic_pid_circle,circle,Time limit reached,True,True,True,comparable,0.10580947725418609,0.5978134703636744,9.829367075442917,0.006931208760164414,9.83629828420308,0.0,1.3303769401330376,0.0,0.0,1.0
circle_g07_P3_wind_ne_s1099,circle,test,classic_pid_representative,circle,Time limit reached,True,True,True,comparable,0.10580947725418609,0.5978134703636744,9.829367075442917,0.006931208760164414,9.83629828420308,0.0,1.3303769401330376,0.0,0.0,1.0
circle_g07_P4_noise_low_s1100,circle,val,classic_pid_circle,circle,Time limit reached,True,True,True,baseline_partial,0.09424599716079059,0.6163689509242992,9.823163638805228,0.043570649748622216,9.86673428855385,0.0,1.3303769401330376,0.0,0.0,1.0
circle_g07_P4_noise_low_s1100,circle,val,classic_pid_representative,circle,Time limit reached,True,True,True,baseline_partial,0.09424599716079059,0.6163689509242992,9.823163638805228,0.043570649748622216,9.86673428855385,0.0,1.3303769401330376,0.0,0.0,1.0
circle_g07_P5_combined_s1101,circle,train,classic_pid_circle,circle,Time limit reached,True,True,True,baseline_partial,0.17119362868448224,0.6672316301269975,9.825385004583625,0.11197181877552087,9.937356823359147,0.0,1.5521064301552108,0.0,0.0,1.0
circle_g07_P5_combined_s1101,circle,train,classic_pid_representative,circle,Time limit reached,True,True,True,baseline_partial,0.17119362868448224,0.6672316301269975,9.825385004583625,0.11197181877552087,9.937356823359147,0.0,1.5521064301552108,0.0,0.0,1.0
circle_g08_P0_nominal_s1102,circle,train,classic_pid_circle,circle,Time limit reached,True,True,True,baseline_partial,0.07291611602671946,0.4846847493414228,9.808385495703254,0.005684249666323252,9.814069745369576,0.0,1.3303769401330376,0.0,0.0,1.0
circle_g08_P0_nominal_s1102,circle,train,classic_pid_representative,circle,Time limit reached,True,True,True,baseline_partial,0.07291611602671946,0.4846847493414228,9.808385495703254,0.005684249666323252,9.814069745369576,0.0,1.3303769401330376,0.0,0.0,1.0
circle_g08_P1_drag_high_s1103,circle,train,classic_pid_circle,circle,Time limit reached,True,True,True,baseline_partial,0.07960391507631139,0.4887662447292228,9.807993252238314,0.005593678700003739,9.813586930938314,0.0,1.3303769401330376,0.0,0.0,1.0
circle_g08_P1_drag_high_s1103,circle,train,classic_pid_representative,circle,Time limit reached,True,True,True,baseline_partial,0.07960391507631139,0.4887662447292228,9.807993252238314,0.005593678700003739,9.813586930938314,0.0,1.3303769401330376,0.0,0.0,1.0
circle_g08_P2_wind_east_s1104,circle,train,classic_pid_circle,circle,Time limit reached,True,True,True,baseline_partial,0.08111013425575139,0.4848649809433682,9.81008141931138,0.0056235619509953615,9.815704981262376,0.0,1.3303769401330376,0.0,0.0,1.0
circle_g08_P2_wind_east_s1104,circle,train,classic_pid_representative,circle,Time limit reached,True,True,True,baseline_partial,0.08111013425575139,0.4848649809433682,9.81008141931138,0.0056235619509953615,9.815704981262376,0.0,1.3303769401330376,0.0,0.0,1.0
circle_g08_P3_wind_ne_s1105,circle,test,classic_pid_circle,circle,Time limit reached,True,True,True,comparable,0.08783281765121802,0.4630588490411835,9.810346918049325,0.00561932576967662,9.815966243819004,0.0,1.3303769401330376,0.0,0.0,1.0
circle_g08_P3_wind_ne_s1105,circle,test,classic_pid_representative,circle,Time limit reached,True,True,True,comparable,0.08783281765121802,0.4630588490411835,9.810346918049325,0.00561932576967662,9.815966243819004,0.0,1.3303769401330376,0.0,0.0,1.0
circle_g08_P4_noise_low_s1106,circle,train,classic_pid_circle,circle,Time limit reached,True,True,True,baseline_partial,0.07368102492992273,0.48926487836481514,9.807342160304374,0.04241363778674586,9.849755798091122,0.0,1.3303769401330376,0.0,0.0,1.0
circle_g08_P4_noise_low_s1106,circle,train,classic_pid_representative,circle,Time limit reached,True,True,True,baseline_partial,0.07368102492992273,0.48926487836481514,9.807342160304374,0.04241363778674586,9.849755798091122,0.0,1.3303769401330376,0.0,0.0,1.0
circle_g08_P5_combined_s1107,circle,train,classic_pid_circle,circle,Time limit reached,True,True,True,baseline_partial,0.1606966647278574,0.5448531812988644,9.783868576164275,0.11925408593607274,9.903122662100346,0.0,1.5521064301552108,0.0,0.0,1.0
circle_g08_P5_combined_s1107,circle,train,classic_pid_representative,circle,Time limit reached,True,True,True,baseline_partial,0.1606966647278574,0.5448531812988644,9.783868576164275,0.11925408593607274,9.903122662100346,0.0,1.5521064301552108,0.0,0.0,1.0
lissajous_g01_P0_nominal_s1108,lissajous,train,classic_pid_lissajous,lissajous,Time limit reached,True,True,True,baseline_partial,0.06849242321688477,0.5075505540675908,9.836587373200674,0.006402700192558163,9.842990073393231,0.0,0.0,0.0,0.0,1.0
lissajous_g01_P0_nominal_s1108,lissajous,train,classic_pid_representative,lissajous,Time limit reached,True,True,True,baseline_partial,0.06849242321688477,0.5075505540675908,9.836587373200674,0.006402700192558163,9.842990073393231,0.0,0.0,0.0,0.0,1.0
lissajous_g01_P1_drag_high_s1109,lissajous,val,classic_pid_lissajous,lissajous,Time limit reached,True,True,True,baseline_partial,0.0753021529197489,0.5107527769681451,9.836377082833115,0.006272224004241736,9.842649306837357,0.0,0.0,0.0,0.0,1.0
lissajous_g01_P1_drag_high_s1109,lissajous,val,classic_pid_representative,lissajous,Time limit reached,True,True,True,baseline_partial,0.0753021529197489,0.5107527769681451,9.836377082833115,0.006272224004241736,9.842649306837357,0.0,0.0,0.0,0.0,1.0
lissajous_g01_P2_wind_east_s1110,lissajous,train,classic_pid_lissajous,lissajous,Time limit reached,True,True,True,baseline_partial,0.07325633865951112,0.4991921969678485,9.836755163861438,0.006406821499294573,9.843161985360734,0.0,0.0,0.0,0.0,1.0
lissajous_g01_P2_wind_east_s1110,lissajous,train,classic_pid_representative,lissajous,Time limit reached,True,True,True,baseline_partial,0.07325633865951112,0.4991921969678485,9.836755163861438,0.006406821499294573,9.843161985360734,0.0,0.0,0.0,0.0,1.0
lissajous_g01_P3_wind_ne_s1111,lissajous,train,classic_pid_lissajous,lissajous,Time limit reached,True,True,True,baseline_partial,0.0772644493905749,0.48725880357359463,9.836798094241995,0.006412349144329262,9.843210443386326,0.0,0.0,0.0,0.0,1.0
lissajous_g01_P3_wind_ne_s1111,lissajous,train,classic_pid_representative,lissajous,Time limit reached,True,True,True,baseline_partial,0.0772644493905749,0.48725880357359463,9.836798094241995,0.006412349144329262,9.843210443386326,0.0,0.0,0.0,0.0,1.0
lissajous_g01_P4_noise_low_s1112,lissajous,train,classic_pid_lissajous,lissajous,Time limit reached,True,True,True,baseline_partial,0.06907119693756471,0.5093467633036772,9.83503711829162,0.06012246690657783,9.895159585198199,0.0,0.0,0.0,0.0,1.0
lissajous_g01_P4_noise_low_s1112,lissajous,train,classic_pid_representative,lissajous,Time limit reached,True,True,True,baseline_partial,0.06907119693756471,0.5093467633036772,9.83503711829162,0.06012246690657783,9.895159585198199,0.0,0.0,0.0,0.0,1.0
lissajous_g01_P5_combined_s1113,lissajous,train,classic_pid_lissajous,lissajous,Time limit reached,True,True,True,baseline_partial,0.12587013892724558,0.45602272677251343,9.860732643190616,0.17170882018090391,10.032441463371516,0.0,0.0,0.0,0.0,1.0
lissajous_g01_P5_combined_s1113,lissajous,train,classic_pid_representative,lissajous,Time limit reached,True,True,True,baseline_partial,0.12587013892724558,0.45602272677251343,9.860732643190616,0.17170882018090391,10.032441463371516,0.0,0.0,0.0,0.0,1.0
lissajous_g02_P0_nominal_s1114,lissajous,train,classic_pid_lissajous,lissajous,Time limit reached,True,True,True,baseline_partial,0.06711320529828126,0.4973659276407406,9.829399431134615,0.0059801487104756135,9.83537957984509,0.0,0.0,0.0,0.0,1.0
lissajous_g02_P0_nominal_s1114,lissajous,train,classic_pid_representative,lissajous,Time limit reached,True,True,True,baseline_partial,0.06711320529828126,0.4973659276407406,9.829399431134615,0.0059801487104756135,9.83537957984509,0.0,0.0,0.0,0.0,1.0
lissajous_g02_P1_drag_high_s1115,lissajous,train,classic_pid_lissajous,lissajous,Time limit reached,True,True,True,baseline_partial,0.07484215664618607,0.5006380562316681,9.828895944210005,0.005842414318309264,9.834738358528318,0.0,0.0,0.0,0.0,1.0
lissajous_g02_P1_drag_high_s1115,lissajous,train,classic_pid_representative,lissajous,Time limit reached,True,True,True,baseline_partial,0.07484215664618607,0.5006380562316681,9.828895944210005,0.005842414318309264,9.834738358528318,0.0,0.0,0.0,0.0,1.0
lissajous_g02_P2_wind_east_s1116,lissajous,train,classic_pid_lissajous,lissajous,Time limit reached,True,True,True,baseline_partial,0.07247996394224299,0.4929319752546591,9.829422040991703,0.005982289802937259,9.83540433079464,0.0,0.0,0.0,0.0,1.0
lissajous_g02_P2_wind_east_s1116,lissajous,train,classic_pid_representative,lissajous,Time limit reached,True,True,True,baseline_partial,0.07247996394224299,0.4929319752546591,9.829422040991703,0.005982289802937259,9.83540433079464,0.0,0.0,0.0,0.0,1.0
lissajous_g02_P3_wind_ne_s1117,lissajous,train,classic_pid_lissajous,lissajous,Time limit reached,True,True,True,baseline_partial,0.07627721585327005,0.47901981201552835,9.82963351499929,0.005987337694942525,9.835620852694232,0.0,0.0,0.0,0.0,1.0
lissajous_g02_P3_wind_ne_s1117,lissajous,train,classic_pid_representative,lissajous,Time limit reached,True,True,True,baseline_partial,0.07627721585327005,0.47901981201552835,9.82963351499929,0.005987337694942525,9.835620852694232,0.0,0.0,0.0,0.0,1.0
lissajous_g02_P4_noise_low_s1118,lissajous,train,classic_pid_lissajous,lissajous,Time limit reached,True,True,True,baseline_partial,0.06778950409461965,0.49852594845038095,9.820770078706003,0.06234825297701381,9.88311833168302,0.0,0.0,0.0,0.0,1.0
lissajous_g02_P4_noise_low_s1118,lissajous,train,classic_pid_representative,lissajous,Time limit reached,True,True,True,baseline_partial,0.06778950409461965,0.49852594845038095,9.820770078706003,0.06234825297701381,9.88311833168302,0.0,0.0,0.0,0.0,1.0
lissajous_g02_P5_combined_s1119,lissajous,train,classic_pid_lissajous,lissajous,Time limit reached,True,True,True,baseline_partial,0.12729783021769017,0.46995433930416786,9.812143840447108,0.16615387442021856,9.978297714867324,0.0,0.0,0.0,0.0,1.0
lissajous_g02_P5_combined_s1119,lissajous,train,classic_pid_representative,lissajous,Time limit reached,True,True,True,baseline_partial,0.12729783021769017,0.46995433930416786,9.812143840447108,0.16615387442021856,9.978297714867324,0.0,0.0,0.0,0.0,1.0
lissajous_g03_P0_nominal_s1120,lissajous,train,classic_pid_lissajous,lissajous,Time limit reached,True,True,True,baseline_partial,0.05048202575720234,0.362386652060157,9.820458521531954,0.003758257530068759,9.824216779062024,0.0,0.0,0.0,0.0,1.0
lissajous_g03_P0_nominal_s1120,lissajous,train,classic_pid_representative,lissajous,Time limit reached,True,True,True,baseline_partial,0.05048202575720234,0.362386652060157,9.820458521531954,0.003758257530068759,9.824216779062024,0.0,0.0,0.0,0.0,1.0
lissajous_g03_P1_drag_high_s1121,lissajous,train,classic_pid_lissajous,lissajous,Time limit reached,True,True,True,baseline_partial,0.0580376983303451,0.36635541821581075,9.819637933803158,0.00365342340453822,9.823291357207696,0.0,0.0,0.0,0.0,1.0
lissajous_g03_P1_drag_high_s1121,lissajous,train,classic_pid_representative,lissajous,Time limit reached,True,True,True,baseline_partial,0.0580376983303451,0.36635541821581075,9.819637933803158,0.00365342340453822,9.823291357207696,0.0,0.0,0.0,0.0,1.0
lissajous_g03_P2_wind_east_s1122,lissajous,val,classic_pid_lissajous,lissajous,Time limit reached,True,True,True,baseline_partial,0.05612347907207867,0.3502551511262937,9.820495423868659,0.0037641609945744075,9.824259584863231,0.0,0.0,0.0,0.0,1.0
lissajous_g03_P2_wind_east_s1122,lissajous,val,classic_pid_representative,lissajous,Time limit reached,True,True,True,baseline_partial,0.05612347907207867,0.3502551511262937,9.820495423868659,0.0037641609945744075,9.824259584863231,0.0,0.0,0.0,0.0,1.0
lissajous_g03_P3_wind_ne_s1123,lissajous,val,classic_pid_lissajous,lissajous,Time limit reached,True,True,True,baseline_partial,0.06213030087784031,0.34213897219195655,9.820606348652541,0.0037656445838118164,9.824371993236351,0.0,0.0,0.0,0.0,1.0
lissajous_g03_P3_wind_ne_s1123,lissajous,val,classic_pid_representative,lissajous,Time limit reached,True,True,True,baseline_partial,0.06213030087784031,0.34213897219195655,9.820606348652541,0.0037656445838118164,9.824371993236351,0.0,0.0,0.0,0.0,1.0
lissajous_g03_P4_noise_low_s1124,lissajous,train,classic_pid_lissajous,lissajous,Time limit reached,True,True,True,baseline_partial,0.051174609008901494,0.36403380178965106,9.82210516256086,0.05761062374668447,9.879715786307543,0.0,0.0,0.0,0.0,1.0
lissajous_g03_P4_noise_low_s1124,lissajous,train,classic_pid_representative,lissajous,Time limit reached,True,True,True,baseline_partial,0.051174609008901494,0.36403380178965106,9.82210516256086,0.05761062374668447,9.879715786307543,0.0,0.0,0.0,0.0,1.0
lissajous_g03_P5_combined_s1125,lissajous,val,classic_pid_lissajous,lissajous,Time limit reached,True,True,True,baseline_partial,0.1162747470916895,0.32184840064049164,9.84648652965888,0.15838889879698828,10.004875428455872,0.0,0.0,0.0,0.0,1.0
lissajous_g03_P5_combined_s1125,lissajous,val,classic_pid_representative,lissajous,Time limit reached,True,True,True,baseline_partial,0.1162747470916895,0.32184840064049164,9.84648652965888,0.15838889879698828,10.004875428455872,0.0,0.0,0.0,0.0,1.0
lissajous_g04_P0_nominal_s1126,lissajous,test,classic_pid_lissajous,lissajous,Time limit reached,True,True,True,comparable,0.07774354421277853,0.5685298015828313,9.826527889038077,0.006260170760794378,9.832788059798869,0.0,0.0,0.0,0.0,1.0
lissajous_g04_P0_nominal_s1126,lissajous,test,classic_pid_representative,lissajous,Time limit reached,True,True,True,comparable,0.07774354421277853,0.5685298015828313,9.826527889038077,0.006260170760794378,9.832788059798869,0.0,0.0,0.0,0.0,1.0
lissajous_g04_P1_drag_high_s1127,lissajous,test,classic_pid_lissajous,lissajous,Time limit reached,True,True,True,comparable,0.08795424361235624,0.5741950089030367,9.825553952054259,0.006102075335612536,9.831656027389874,0.0,0.0,0.0,0.0,1.0
lissajous_g04_P1_drag_high_s1127,lissajous,test,classic_pid_representative,lissajous,Time limit reached,True,True,True,comparable,0.08795424361235624,0.5741950089030367,9.825553952054259,0.006102075335612536,9.831656027389874,0.0,0.0,0.0,0.0,1.0
lissajous_g04_P2_wind_east_s1128,lissajous,train,classic_pid_lissajous,lissajous,Time limit reached,True,True,True,baseline_partial,0.0817083223185892,0.5585146699736573,9.826762399813832,0.006268211571004793,9.833030611384839,0.0,0.0,0.0,0.0,1.0
lissajous_g04_P2_wind_east_s1128,lissajous,train,classic_pid_representative,lissajous,Time limit reached,True,True,True,baseline_partial,0.0817083223185892,0.5585146699736573,9.826762399813832,0.006268211571004793,9.833030611384839,0.0,0.0,0.0,0.0,1.0
lissajous_g04_P3_wind_ne_s1129,lissajous,train,classic_pid_lissajous,lissajous,Time limit reached,True,True,True,baseline_partial,0.08549423033892055,0.5480654049652303,9.826962957972947,0.00626779094611802,9.833230748919064,0.0,0.0,0.0,0.0,1.0
lissajous_g04_P3_wind_ne_s1129,lissajous,train,classic_pid_representative,lissajous,Time limit reached,True,True,True,baseline_partial,0.08549423033892055,0.5480654049652303,9.826962957972947,0.00626779094611802,9.833230748919064,0.0,0.0,0.0,0.0,1.0
lissajous_g04_P4_noise_low_s1130,lissajous,val,classic_pid_lissajous,lissajous,Time limit reached,True,True,True,baseline_partial,0.07737385321611735,0.5647422131045103,9.837592175696646,0.06109067144181576,9.898682847138465,0.0,0.0,0.0,0.0,1.0
lissajous_g04_P4_noise_low_s1130,lissajous,val,classic_pid_representative,lissajous,Time limit reached,True,True,True,baseline_partial,0.07737385321611735,0.5647422131045103,9.837592175696646,0.06109067144181576,9.898682847138465,0.0,0.0,0.0,0.0,1.0
lissajous_g04_P5_combined_s1131,lissajous,train,classic_pid_lissajous,lissajous,Time limit reached,True,True,True,baseline_partial,0.13448040937497144,0.5221883956090072,9.837071702294885,0.17370514566417167,10.01077684795906,0.0,0.0,0.0,0.0,1.0
lissajous_g04_P5_combined_s1131,lissajous,train,classic_pid_representative,lissajous,Time limit reached,True,True,True,baseline_partial,0.13448040937497144,0.5221883956090072,9.837071702294885,0.17370514566417167,10.01077684795906,0.0,0.0,0.0,0.0,1.0
lissajous_g05_P0_nominal_s1132,lissajous,test,classic_pid_lissajous,lissajous,Time limit reached,True,True,True,comparable,0.06301658781908372,0.4676669561923192,9.836934585114633,0.00656923587957483,9.843503820994208,0.0,0.0,0.0,0.0,1.0
lissajous_g05_P0_nominal_s1132,lissajous,test,classic_pid_representative,lissajous,Time limit reached,True,True,True,comparable,0.06301658781908372,0.4676669561923192,9.836934585114633,0.00656923587957483,9.843503820994208,0.0,0.0,0.0,0.0,1.0
lissajous_g05_P1_drag_high_s1133,lissajous,train,classic_pid_lissajous,lissajous,Time limit reached,True,True,True,baseline_partial,0.0672106616463716,0.4707210870275373,9.835969923637894,0.006441999156918329,9.842411922794813,0.0,0.0,0.0,0.0,1.0
lissajous_g05_P1_drag_high_s1133,lissajous,train,classic_pid_representative,lissajous,Time limit reached,True,True,True,baseline_partial,0.0672106616463716,0.4707210870275373,9.835969923637894,0.006441999156918329,9.842411922794813,0.0,0.0,0.0,0.0,1.0
lissajous_g05_P2_wind_east_s1134,lissajous,train,classic_pid_lissajous,lissajous,Time limit reached,True,True,True,baseline_partial,0.06804509972559876,0.4590024271594644,9.837064788749913,0.006574573215053882,9.843639361964964,0.0,0.0,0.0,0.0,1.0
lissajous_g05_P2_wind_east_s1134,lissajous,train,classic_pid_representative,lissajous,Time limit reached,True,True,True,baseline_partial,0.06804509972559876,0.4590024271594644,9.837064788749913,0.006574573215053882,9.843639361964964,0.0,0.0,0.0,0.0,1.0
lissajous_g05_P3_wind_ne_s1135,lissajous,test,classic_pid_lissajous,lissajous,Time limit reached,True,True,True,comparable,0.07245647074216316,0.44723381512016785,9.837221664342415,0.006581379881773592,9.843803044224188,0.0,0.0,0.0,0.0,1.0
lissajous_g05_P3_wind_ne_s1135,lissajous,test,classic_pid_representative,lissajous,Time limit reached,True,True,True,comparable,0.07245647074216316,0.44723381512016785,9.837221664342415,0.006581379881773592,9.843803044224188,0.0,0.0,0.0,0.0,1.0
lissajous_g05_P4_noise_low_s1136,lissajous,train,classic_pid_lissajous,lissajous,Time limit reached,True,True,True,baseline_partial,0.06347330683330614,0.46828426362298065,9.854839932056151,0.06165078334599144,9.916490715402139,0.0,0.0,0.0,0.0,1.0
lissajous_g05_P4_noise_low_s1136,lissajous,train,classic_pid_representative,lissajous,Time limit reached,True,True,True,baseline_partial,0.06347330683330614,0.46828426362298065,9.854839932056151,0.06165078334599144,9.916490715402139,0.0,0.0,0.0,0.0,1.0
lissajous_g05_P5_combined_s1137,lissajous,train,classic_pid_lissajous,lissajous,Time limit reached,True,True,True,baseline_partial,0.12097070932701451,0.42052175115700435,9.889527351731981,0.1644362570023485,10.05396360873433,0.0,0.0,0.0,0.0,1.0
lissajous_g05_P5_combined_s1137,lissajous,train,classic_pid_representative,lissajous,Time limit reached,True,True,True,baseline_partial,0.12097070932701451,0.42052175115700435,9.889527351731981,0.1644362570023485,10.05396360873433,0.0,0.0,0.0,0.0,1.0
lissajous_g06_P0_nominal_s1138,lissajous,train,classic_pid_lissajous,lissajous,Time limit reached,True,True,True,baseline_partial,0.019885472675473772,0.14199982924071758,9.815276088565694,0.0014030928343836593,9.816679181400076,0.0,0.0,0.0,0.0,1.0
lissajous_g06_P0_nominal_s1138,lissajous,train,classic_pid_representative,lissajous,Time limit reached,True,True,True,baseline_partial,0.019885472675473772,0.14199982924071758,9.815276088565694,0.0014030928343836593,9.816679181400076,0.0,0.0,0.0,0.0,1.0
lissajous_g06_P1_drag_high_s1139,lissajous,train,classic_pid_lissajous,lissajous,Time limit reached,True,True,True,baseline_partial,0.02292856817162607,0.14300394745885064,9.815971740613966,0.0013618669431344167,9.817333607557103,0.0,0.0,0.0,0.0,1.0
lissajous_g06_P1_drag_high_s1139,lissajous,train,classic_pid_representative,lissajous,Time limit reached,True,True,True,baseline_partial,0.02292856817162607,0.14300394745885064,9.815971740613966,0.0013618669431344167,9.817333607557103,0.0,0.0,0.0,0.0,1.0
lissajous_g06_P2_wind_east_s1140,lissajous,test,classic_pid_lissajous,lissajous,Time limit reached,True,True,True,comparable,0.033629341862526155,0.13246799493073577,9.815294329687585,0.0014141368396896063,9.816708466527276,0.0,0.0,0.0,0.0,1.0
lissajous_g06_P2_wind_east_s1140,lissajous,test,classic_pid_representative,lissajous,Time limit reached,True,True,True,comparable,0.033629341862526155,0.13246799493073577,9.815294329687585,0.0014141368396896063,9.816708466527276,0.0,0.0,0.0,0.0,1.0
lissajous_g06_P3_wind_ne_s1141,lissajous,train,classic_pid_lissajous,lissajous,Time limit reached,True,True,True,baseline_partial,0.04312418415931698,0.12188387723665234,9.815324623962152,0.0014158570696415095,9.816740481031795,0.0,0.0,0.0,0.0,1.0
lissajous_g06_P3_wind_ne_s1141,lissajous,train,classic_pid_representative,lissajous,Time limit reached,True,True,True,baseline_partial,0.04312418415931698,0.12188387723665234,9.815324623962152,0.0014158570696415095,9.816740481031795,0.0,0.0,0.0,0.0,1.0
lissajous_g06_P4_noise_low_s1142,lissajous,train,classic_pid_lissajous,lissajous,Time limit reached,True,True,True,baseline_partial,0.0208526274669028,0.14183275181246888,9.821489941921678,0.057463088215584865,9.878953030137263,0.0,0.0,0.0,0.0,1.0
lissajous_g06_P4_noise_low_s1142,lissajous,train,classic_pid_representative,lissajous,Time limit reached,True,True,True,baseline_partial,0.0208526274669028,0.14183275181246888,9.821489941921678,0.057463088215584865,9.878953030137263,0.0,0.0,0.0,0.0,1.0
lissajous_g06_P5_combined_s1143,lissajous,train,classic_pid_lissajous,lissajous,Time limit reached,True,True,True,baseline_partial,0.10352420800625843,0.13218213447045618,9.815348117376246,0.16851228068304636,9.98386039805929,0.0,0.0,0.0,0.0,1.0
lissajous_g06_P5_combined_s1143,lissajous,train,classic_pid_representative,lissajous,Time limit reached,True,True,True,baseline_partial,0.10352420800625843,0.13218213447045618,9.815348117376246,0.16851228068304636,9.98386039805929,0.0,0.0,0.0,0.0,1.0
lissajous_g07_P0_nominal_s1144,lissajous,test,classic_pid_lissajous,lissajous,Time limit reached,True,True,True,comparable,0.050307416036523125,0.3639145968084156,9.816863135373655,0.004707890628232803,9.821571026001886,0.0,0.0,0.0,0.0,1.0
lissajous_g07_P0_nominal_s1144,lissajous,test,classic_pid_representative,lissajous,Time limit reached,True,True,True,comparable,0.050307416036523125,0.3639145968084156,9.816863135373655,0.004707890628232803,9.821571026001886,0.0,0.0,0.0,0.0,1.0
lissajous_g07_P1_drag_high_s1145,lissajous,val,classic_pid_lissajous,lissajous,Time limit reached,True,True,True,baseline_partial,0.05573086169619463,0.36683772391131864,9.816275152659633,0.004602174954455285,9.820877327614088,0.0,0.0,0.0,0.0,1.0
lissajous_g07_P1_drag_high_s1145,lissajous,val,classic_pid_representative,lissajous,Time limit reached,True,True,True,baseline_partial,0.05573086169619463,0.36683772391131864,9.816275152659633,0.004602174954455285,9.820877327614088,0.0,0.0,0.0,0.0,1.0
lissajous_g07_P2_wind_east_s1146,lissajous,train,classic_pid_lissajous,lissajous,Time limit reached,True,True,True,baseline_partial,0.056762693600236995,0.3511480957612735,9.81689728106549,0.004712151045629011,9.821609432111119,0.0,0.0,0.0,0.0,1.0
lissajous_g07_P2_wind_east_s1146,lissajous,train,classic_pid_representative,lissajous,Time limit reached,True,True,True,baseline_partial,0.056762693600236995,0.3511480957612735,9.81689728106549,0.004712151045629011,9.821609432111119,0.0,0.0,0.0,0.0,1.0
lissajous_g07_P3_wind_ne_s1147,lissajous,train,classic_pid_lissajous,lissajous,Time limit reached,True,True,True,baseline_partial,0.06284461453897545,0.34412466819606446,9.817026858901919,0.004720962330072899,9.821747821231991,0.0,0.0,0.0,0.0,1.0
lissajous_g07_P3_wind_ne_s1147,lissajous,train,classic_pid_representative,lissajous,Time limit reached,True,True,True,baseline_partial,0.06284461453897545,0.34412466819606446,9.817026858901919,0.004720962330072899,9.821747821231991,0.0,0.0,0.0,0.0,1.0
lissajous_g07_P4_noise_low_s1148,lissajous,train,classic_pid_lissajous,lissajous,Time limit reached,True,True,True,baseline_partial,0.0513046534455584,0.36742206070725303,9.817402476818415,0.0618223037887128,9.87922478060713,0.0,0.0,0.0,0.0,1.0
lissajous_g07_P4_noise_low_s1148,lissajous,train,classic_pid_representative,lissajous,Time limit reached,True,True,True,baseline_partial,0.0513046534455584,0.36742206070725303,9.817402476818415,0.0618223037887128,9.87922478060713,0.0,0.0,0.0,0.0,1.0
lissajous_g07_P5_combined_s1149,lissajous,test,classic_pid_lissajous,lissajous,Time limit reached,True,True,True,comparable,0.11428257699192126,0.32001367632898525,9.8399883283997,0.16312975991192116,10.003118088311622,0.0,0.0,0.0,0.0,1.0
lissajous_g07_P5_combined_s1149,lissajous,test,classic_pid_representative,lissajous,Time limit reached,True,True,True,comparable,0.11428257699192126,0.32001367632898525,9.8399883283997,0.16312975991192116,10.003118088311622,0.0,0.0,0.0,0.0,1.0
lissajous_g08_P0_nominal_s1150,lissajous,train,classic_pid_lissajous,lissajous,Time limit reached,True,True,True,baseline_partial,0.07779447637167816,0.571936818535173,9.834321628006721,0.0070875189136542045,9.841409146920375,0.0,0.0,0.0,0.0,1.0
lissajous_g08_P0_nominal_s1150,lissajous,train,classic_pid_representative,lissajous,Time limit reached,True,True,True,baseline_partial,0.07779447637167816,0.571936818535173,9.834321628006721,0.0070875189136542045,9.841409146920375,0.0,0.0,0.0,0.0,1.0
lissajous_g08_P1_drag_high_s1151,lissajous,train,classic_pid_lissajous,lissajous,Time limit reached,True,True,True,baseline_partial,0.08648626673337702,0.5761885356964571,9.83379897867694,0.006940590064180897,9.840739568741123,0.0,0.0,0.0,0.0,1.0
lissajous_g08_P1_drag_high_s1151,lissajous,train,classic_pid_representative,lissajous,Time limit reached,True,True,True,baseline_partial,0.08648626673337702,0.5761885356964571,9.83379897867694,0.006940590064180897,9.840739568741123,0.0,0.0,0.0,0.0,1.0
lissajous_g08_P2_wind_east_s1152,lissajous,train,classic_pid_lissajous,lissajous,Time limit reached,True,True,True,baseline_partial,0.08162332779892928,0.5616452695782009,9.834367341491733,0.007099015343454461,9.841466356835186,0.0,0.0,0.0,0.0,1.0
lissajous_g08_P2_wind_east_s1152,lissajous,train,classic_pid_representative,lissajous,Time limit reached,True,True,True,baseline_partial,0.08162332779892928,0.5616452695782009,9.834367341491733,0.007099015343454461,9.841466356835186,0.0,0.0,0.0,0.0,1.0
lissajous_g08_P3_wind_ne_s1153,lissajous,train,classic_pid_lissajous,lissajous,Time limit reached,True,True,True,baseline_partial,0.08560715837188093,0.5514581919529377,9.834407338290196,0.007093078050102708,9.841500416340299,0.0,0.0,0.0,0.0,1.0
lissajous_g08_P3_wind_ne_s1153,lissajous,train,classic_pid_representative,lissajous,Time limit reached,True,True,True,baseline_partial,0.08560715837188093,0.5514581919529377,9.834407338290196,0.007093078050102708,9.841500416340299,0.0,0.0,0.0,0.0,1.0
lissajous_g08_P4_noise_low_s1154,lissajous,val,classic_pid_lissajous,lissajous,Time limit reached,True,True,True,baseline_partial,0.07812986922941655,0.5730062953329151,9.834502000741951,0.059148822440886525,9.893650823182838,0.0,0.0,0.0,0.0,1.0
lissajous_g08_P4_noise_low_s1154,lissajous,val,classic_pid_representative,lissajous,Time limit reached,True,True,True,baseline_partial,0.07812986922941655,0.5730062953329151,9.834502000741951,0.059148822440886525,9.893650823182838,0.0,0.0,0.0,0.0,1.0
lissajous_g08_P5_combined_s1155,lissajous,train,classic_pid_lissajous,lissajous,Time limit reached,True,True,True,baseline_partial,0.13386022710924236,0.5301325963897867,9.887916146043292,0.18222262055015281,10.070138766593447,0.0,0.0,0.0,0.0,1.0
lissajous_g08_P5_combined_s1155,lissajous,train,classic_pid_representative,lissajous,Time limit reached,True,True,True,baseline_partial,0.13386022710924236,0.5301325963897867,9.887916146043292,0.18222262055015281,10.070138766593447,0.0,0.0,0.0,0.0,1.0
waypoint_g01_P0_nominal_s1156,waypoint,train,classic_pid_waypoint,waypoint,Trajectory completed,True,True,True,baseline_partial,0.03962884631376476,0.07732462628238897,9.81920309595944,0.02334372160349005,9.84254681756293,0.0,0.0,0.0,0.0,1.0
waypoint_g01_P0_nominal_s1156,waypoint,train,classic_pid_representative,waypoint,Trajectory completed,True,True,True,baseline_partial,0.03962884631376476,0.07732462628238897,9.81920309595944,0.02334372160349005,9.84254681756293,0.0,0.0,0.0,0.0,1.0
waypoint_g01_P1_drag_high_s1157,waypoint,test,classic_pid_waypoint,waypoint,Trajectory completed,True,True,True,comparable,0.03722156434970052,0.07436214675728592,9.818604605989396,0.02297548709989087,9.841580093089288,0.0,0.0,0.0,0.0,1.0
waypoint_g01_P1_drag_high_s1157,waypoint,test,classic_pid_representative,waypoint,Trajectory completed,True,True,True,comparable,0.03722156434970052,0.07436214675728592,9.818604605989396,0.02297548709989087,9.841580093089288,0.0,0.0,0.0,0.0,1.0
waypoint_g01_P2_wind_east_s1158,waypoint,train,classic_pid_waypoint,waypoint,Trajectory completed,True,True,True,baseline_partial,0.050282673847564595,0.10425418970276991,9.819328721595076,0.02338890663585043,9.842717628230927,0.0,0.0,0.0,0.0,1.0
waypoint_g01_P2_wind_east_s1158,waypoint,train,classic_pid_representative,waypoint,Trajectory completed,True,True,True,baseline_partial,0.050282673847564595,0.10425418970276991,9.819328721595076,0.02338890663585043,9.842717628230927,0.0,0.0,0.0,0.0,1.0
waypoint_g01_P3_wind_ne_s1159,waypoint,test,classic_pid_waypoint,waypoint,Trajectory completed,True,True,True,comparable,0.05777913085949662,0.11313376330825596,9.819403524816233,0.02341075195034259,9.842814276766575,0.0,0.0,0.0,0.0,1.0
waypoint_g01_P3_wind_ne_s1159,waypoint,test,classic_pid_representative,waypoint,Trajectory completed,True,True,True,comparable,0.05777913085949662,0.11313376330825596,9.819403524816233,0.02341075195034259,9.842814276766575,0.0,0.0,0.0,0.0,1.0
waypoint_g01_P4_noise_low_s1160,waypoint,val,classic_pid_waypoint,waypoint,Trajectory completed,True,True,True,baseline_partial,0.03947192372920416,0.08088513544122697,9.825978188427207,0.054779780677895795,9.880757969105103,0.0,0.0,0.0,0.0,1.0
waypoint_g01_P4_noise_low_s1160,waypoint,val,classic_pid_representative,waypoint,Trajectory completed,True,True,True,baseline_partial,0.03947192372920416,0.08088513544122697,9.825978188427207,0.054779780677895795,9.880757969105103,0.0,0.0,0.0,0.0,1.0
waypoint_g01_P5_combined_s1161,waypoint,train,classic_pid_waypoint,waypoint,Trajectory completed,True,True,True,baseline_partial,0.1180817671309912,0.17005203931482868,9.865036428471543,0.12757903884166347,9.99261546731321,0.0,0.0,0.0,0.0,1.0
waypoint_g01_P5_combined_s1161,waypoint,train,classic_pid_representative,waypoint,Trajectory completed,True,True,True,baseline_partial,0.1180817671309912,0.17005203931482868,9.865036428471543,0.12757903884166347,9.99261546731321,0.0,0.0,0.0,0.0,1.0
waypoint_g02_P0_nominal_s1162,waypoint,train,classic_pid_waypoint,waypoint,Trajectory completed,True,True,True,baseline_partial,0.06275986961072451,0.11821168450228896,9.82355250557694,0.024696866010126606,9.848249371587068,0.0,0.0,0.0,0.0,1.0
waypoint_g02_P0_nominal_s1162,waypoint,train,classic_pid_representative,waypoint,Trajectory completed,True,True,True,baseline_partial,0.06275986961072451,0.11821168450228896,9.82355250557694,0.024696866010126606,9.848249371587068,0.0,0.0,0.0,0.0,1.0
waypoint_g02_P1_drag_high_s1163,waypoint,val,classic_pid_waypoint,waypoint,Trajectory completed,True,True,True,baseline_partial,0.05094799783541819,0.08978735556915213,9.821474210362956,0.02064817991985291,9.842122390282809,0.0,0.0,0.0,0.0,1.0
waypoint_g02_P1_drag_high_s1163,waypoint,val,classic_pid_representative,waypoint,Trajectory completed,True,True,True,baseline_partial,0.05094799783541819,0.08978735556915213,9.821474210362956,0.02064817991985291,9.842122390282809,0.0,0.0,0.0,0.0,1.0
waypoint_g02_P2_wind_east_s1164,waypoint,train,classic_pid_waypoint,waypoint,Trajectory completed,True,True,True,baseline_partial,0.06970026172602893,0.12867246463309398,9.823605761282098,0.024722509245427356,9.848328270527526,0.0,0.0,0.0,0.0,1.0
waypoint_g02_P2_wind_east_s1164,waypoint,train,classic_pid_representative,waypoint,Trajectory completed,True,True,True,baseline_partial,0.06970026172602893,0.12867246463309398,9.823605761282098,0.024722509245427356,9.848328270527526,0.0,0.0,0.0,0.0,1.0
waypoint_g02_P3_wind_ne_s1165,waypoint,test,classic_pid_waypoint,waypoint,Trajectory completed,True,True,True,comparable,0.0748954331883023,0.1522361841393631,9.823531016017323,0.024176453861689248,9.847707469879012,0.0,0.0,0.0,0.0,1.0
waypoint_g02_P3_wind_ne_s1165,waypoint,test,classic_pid_representative,waypoint,Trajectory completed,True,True,True,comparable,0.0748954331883023,0.1522361841393631,9.823531016017323,0.024176453861689248,9.847707469879012,0.0,0.0,0.0,0.0,1.0
waypoint_g02_P4_noise_low_s1166,waypoint,train,classic_pid_waypoint,waypoint,Trajectory completed,True,True,True,baseline_partial,0.06366736680212143,0.12102665711896086,9.831803620931545,0.05352547675309024,9.885329097684636,0.0,0.0,0.0,0.0,1.0
waypoint_g02_P4_noise_low_s1166,waypoint,train,classic_pid_representative,waypoint,Trajectory completed,True,True,True,baseline_partial,0.06366736680212143,0.12102665711896086,9.831803620931545,0.05352547675309024,9.885329097684636,0.0,0.0,0.0,0.0,1.0
waypoint_g02_P5_combined_s1167,waypoint,val,classic_pid_waypoint,waypoint,Trajectory completed,True,True,True,baseline_partial,0.11904813597044459,0.19057880367049237,9.815962037749426,0.12791419469165857,9.943876232441088,0.0,0.0,0.0,0.0,1.0
waypoint_g02_P5_combined_s1167,waypoint,val,classic_pid_representative,waypoint,Trajectory completed,True,True,True,baseline_partial,0.11904813597044459,0.19057880367049237,9.815962037749426,0.12791419469165857,9.943876232441088,0.0,0.0,0.0,0.0,1.0
waypoint_g03_P0_nominal_s1168,waypoint,test,classic_pid_waypoint,waypoint,Trajectory completed,True,True,True,comparable,0.050909196862860544,0.08927653803658481,9.822249436827649,0.029212257279646273,9.851461694107293,0.0,0.0,0.0,0.0,1.0
waypoint_g03_P0_nominal_s1168,waypoint,test,classic_pid_representative,waypoint,Trajectory completed,True,True,True,comparable,0.050909196862860544,0.08927653803658481,9.822249436827649,0.029212257279646273,9.851461694107293,0.0,0.0,0.0,0.0,1.0
waypoint_g03_P1_drag_high_s1169,waypoint,train,classic_pid_waypoint,waypoint,Trajectory completed,True,True,True,baseline_partial,0.04104982772294391,0.07524303788180485,9.821131390906164,0.02870857466997392,9.849839965576138,0.0,0.0,0.0,0.0,1.0
waypoint_g03_P1_drag_high_s1169,waypoint,train,classic_pid_representative,waypoint,Trajectory completed,True,True,True,baseline_partial,0.04104982772294391,0.07524303788180485,9.821131390906164,0.02870857466997392,9.849839965576138,0.0,0.0,0.0,0.0,1.0
waypoint_g03_P2_wind_east_s1170,waypoint,train,classic_pid_waypoint,waypoint,Trajectory completed,True,True,True,baseline_partial,0.054940832329044134,0.09861521305739845,9.822026579242902,0.02914785920582849,9.851174438448732,0.0,0.0,0.0,0.0,1.0
waypoint_g03_P2_wind_east_s1170,waypoint,train,classic_pid_representative,waypoint,Trajectory completed,True,True,True,baseline_partial,0.054940832329044134,0.09861521305739845,9.822026579242902,0.02914785920582849,9.851174438448732,0.0,0.0,0.0,0.0,1.0
waypoint_g03_P3_wind_ne_s1171,waypoint,train,classic_pid_waypoint,waypoint,Trajectory completed,True,True,True,baseline_partial,0.061732590430945464,0.10151888177086991,9.822076972512933,0.029154667646839914,9.851231640159773,0.0,0.0,0.0,0.0,1.0
waypoint_g03_P3_wind_ne_s1171,waypoint,train,classic_pid_representative,waypoint,Trajectory completed,True,True,True,baseline_partial,0.061732590430945464,0.10151888177086991,9.822076972512933,0.029154667646839914,9.851231640159773,0.0,0.0,0.0,0.0,1.0
waypoint_g03_P4_noise_low_s1172,waypoint,train,classic_pid_waypoint,waypoint,Trajectory completed,True,True,True,baseline_partial,0.05022917582778661,0.08939597781728224,9.835608285677775,0.059193635552864894,9.89480192123064,0.0,0.0,0.0,0.0,1.0
waypoint_g03_P4_noise_low_s1172,waypoint,train,classic_pid_representative,waypoint,Trajectory completed,True,True,True,baseline_partial,0.05022917582778661,0.08939597781728224,9.835608285677775,0.059193635552864894,9.89480192123064,0.0,0.0,0.0,0.0,1.0
waypoint_g03_P5_combined_s1173,waypoint,test,classic_pid_waypoint,waypoint,Trajectory completed,True,True,True,comparable,0.10319486897576795,0.15916667472327853,9.847510511127382,0.13257277940473575,9.980083290532118,0.0,0.0,0.0,0.0,1.0
waypoint_g03_P5_combined_s1173,waypoint,test,classic_pid_representative,waypoint,Trajectory completed,True,True,True,comparable,0.10319486897576795,0.15916667472327853,9.847510511127382,0.13257277940473575,9.980083290532118,0.0,0.0,0.0,0.0,1.0
waypoint_g04_P0_nominal_s1174,waypoint,test,classic_pid_waypoint,waypoint,Trajectory completed,True,True,True,comparable,0.07455185834766591,0.1229538773099788,9.831336370686065,0.028337215237126834,9.859673585923193,0.0,0.0,0.0,0.0,1.0
waypoint_g04_P0_nominal_s1174,waypoint,test,classic_pid_representative,waypoint,Trajectory completed,True,True,True,comparable,0.07455185834766591,0.1229538773099788,9.831336370686065,0.028337215237126834,9.859673585923193,0.0,0.0,0.0,0.0,1.0
waypoint_g04_P1_drag_high_s1175,waypoint,train,classic_pid_waypoint,waypoint,Trajectory completed,True,True,True,baseline_partial,0.06430518054843726,0.11822702678793344,9.838739122125796,0.031140166101223825,9.869879288227024,0.0,0.0,0.0,0.0,1.0
waypoint_g04_P1_drag_high_s1175,waypoint,train,classic_pid_representative,waypoint,Trajectory completed,True,True,True,baseline_partial,0.06430518054843726,0.11822702678793344,9.838739122125796,0.031140166101223825,9.869879288227024,0.0,0.0,0.0,0.0,1.0
waypoint_g04_P2_wind_east_s1176,waypoint,train,classic_pid_waypoint,waypoint,Trajectory completed,True,True,True,baseline_partial,0.07792686829717917,0.13978958562902122,9.831383294796275,0.028754792030183194,9.860138086826456,0.0,0.0,0.0,0.0,1.0
waypoint_g04_P2_wind_east_s1176,waypoint,train,classic_pid_representative,waypoint,Trajectory completed,True,True,True,baseline_partial,0.07792686829717917,0.13978958562902122,9.831383294796275,0.028754792030183194,9.860138086826456,0.0,0.0,0.0,0.0,1.0
waypoint_g04_P3_wind_ne_s1177,waypoint,train,classic_pid_waypoint,waypoint,Trajectory completed,True,True,True,baseline_partial,0.08538760592894525,0.15657750997616932,9.832547395446184,0.029307066770513094,9.861854462216696,0.0,0.0,0.0,0.0,1.0
waypoint_g04_P3_wind_ne_s1177,waypoint,train,classic_pid_representative,waypoint,Trajectory completed,True,True,True,baseline_partial,0.08538760592894525,0.15657750997616932,9.832547395446184,0.029307066770513094,9.861854462216696,0.0,0.0,0.0,0.0,1.0
waypoint_g04_P4_noise_low_s1178,waypoint,val,classic_pid_waypoint,waypoint,Trajectory completed,True,True,True,baseline_partial,0.0762196520155837,0.13555472030159157,9.835316607680495,0.0547076666419836,9.890024274322478,0.0,0.0,0.0,0.0,1.0
waypoint_g04_P4_noise_low_s1178,waypoint,val,classic_pid_representative,waypoint,Trajectory completed,True,True,True,baseline_partial,0.0762196520155837,0.13555472030159157,9.835316607680495,0.0547076666419836,9.890024274322478,0.0,0.0,0.0,0.0,1.0
waypoint_g04_P5_combined_s1179,waypoint,train,classic_pid_waypoint,waypoint,Trajectory completed,True,True,True,baseline_partial,0.11726783273968328,0.19921444067115088,9.795239897567741,0.12162589023012231,9.916865787797864,0.0,0.0,0.0,0.0,1.0
waypoint_g04_P5_combined_s1179,waypoint,train,classic_pid_representative,waypoint,Trajectory completed,True,True,True,baseline_partial,0.11726783273968328,0.19921444067115088,9.795239897567741,0.12162589023012231,9.916865787797864,0.0,0.0,0.0,0.0,1.0
waypoint_g05_P0_nominal_s1180,waypoint,train,classic_pid_waypoint,waypoint,Trajectory completed,True,True,True,baseline_partial,0.02683357179337869,0.048184255296787076,9.824676150270214,0.013589126806184276,9.838265277076397,0.0,0.0,0.0,0.0,1.0
waypoint_g05_P0_nominal_s1180,waypoint,train,classic_pid_representative,waypoint,Trajectory completed,True,True,True,baseline_partial,0.02683357179337869,0.048184255296787076,9.824676150270214,0.013589126806184276,9.838265277076397,0.0,0.0,0.0,0.0,1.0
waypoint_g05_P1_drag_high_s1181,waypoint,val,classic_pid_waypoint,waypoint,Trajectory completed,True,True,True,baseline_partial,0.02902953339396117,0.05356744629250296,9.837925644275018,0.013199555616761869,9.851125199891777,0.0,0.0,0.0,0.0,1.0
waypoint_g05_P1_drag_high_s1181,waypoint,val,classic_pid_representative,waypoint,Trajectory completed,True,True,True,baseline_partial,0.02902953339396117,0.05356744629250296,9.837925644275018,0.013199555616761869,9.851125199891777,0.0,0.0,0.0,0.0,1.0
waypoint_g05_P2_wind_east_s1182,waypoint,train,classic_pid_waypoint,waypoint,Trajectory completed,True,True,True,baseline_partial,0.03712149602903744,0.06990258536547554,9.8246977177185,0.013743067902279452,9.838440785620781,0.0,0.0,0.0,0.0,1.0
waypoint_g05_P2_wind_east_s1182,waypoint,train,classic_pid_representative,waypoint,Trajectory completed,True,True,True,baseline_partial,0.03712149602903744,0.06990258536547554,9.8246977177185,0.013743067902279452,9.838440785620781,0.0,0.0,0.0,0.0,1.0
waypoint_g05_P3_wind_ne_s1183,waypoint,train,classic_pid_waypoint,waypoint,Trajectory completed,True,True,True,baseline_partial,0.0451133064240225,0.09253929352621239,9.8247192277641,0.013816306285127677,9.838535534049226,0.0,0.0,0.0,0.0,1.0
waypoint_g05_P3_wind_ne_s1183,waypoint,train,classic_pid_representative,waypoint,Trajectory completed,True,True,True,baseline_partial,0.0451133064240225,0.09253929352621239,9.8247192277641,0.013816306285127677,9.838535534049226,0.0,0.0,0.0,0.0,1.0
waypoint_g05_P4_noise_low_s1184,waypoint,train,classic_pid_waypoint,waypoint,Trajectory completed,True,True,True,baseline_partial,0.02925835645365803,0.05269752499621905,9.791150042457996,0.04925752094054721,9.840407563398543,0.0,0.0,0.0,0.0,1.0
waypoint_g05_P4_noise_low_s1184,waypoint,train,classic_pid_representative,waypoint,Trajectory completed,True,True,True,baseline_partial,0.02925835645365803,0.05269752499621905,9.791150042457996,0.04925752094054721,9.840407563398543,0.0,0.0,0.0,0.0,1.0
waypoint_g05_P5_combined_s1185,waypoint,train,classic_pid_waypoint,waypoint,Trajectory completed,True,True,True,baseline_partial,0.09577357242430806,0.16340793230844844,9.839506051844696,0.12315382349827309,9.962659875342968,0.0,0.0,0.0,0.0,1.0
waypoint_g05_P5_combined_s1185,waypoint,train,classic_pid_representative,waypoint,Trajectory completed,True,True,True,baseline_partial,0.09577357242430806,0.16340793230844844,9.839506051844696,0.12315382349827309,9.962659875342968,0.0,0.0,0.0,0.0,1.0
waypoint_g06_P0_nominal_s1186,waypoint,train,classic_pid_waypoint,waypoint,Trajectory completed,True,True,True,baseline_partial,0.033956671071201025,0.06217338693342665,9.815316241047633,0.020485715028106557,9.835801956075738,0.0,0.0,0.0,0.0,1.0
waypoint_g06_P0_nominal_s1186,waypoint,train,classic_pid_representative,waypoint,Trajectory completed,True,True,True,baseline_partial,0.033956671071201025,0.06217338693342665,9.815316241047633,0.020485715028106557,9.835801956075738,0.0,0.0,0.0,0.0,1.0
waypoint_g06_P1_drag_high_s1187,waypoint,train,classic_pid_waypoint,waypoint,Trajectory completed,True,True,True,baseline_partial,0.029837615111401154,0.05999503761519371,9.814824230240188,0.020161107742949987,9.83498533798314,0.0,0.0,0.0,0.0,1.0
waypoint_g06_P1_drag_high_s1187,waypoint,train,classic_pid_representative,waypoint,Trajectory completed,True,True,True,baseline_partial,0.029837615111401154,0.05999503761519371,9.814824230240188,0.020161107742949987,9.83498533798314,0.0,0.0,0.0,0.0,1.0
waypoint_g06_P2_wind_east_s1188,waypoint,train,classic_pid_waypoint,waypoint,Trajectory completed,True,True,True,baseline_partial,0.045662637589198224,0.08874164441040348,9.815274713431338,0.020477758851861535,9.8357524722832,0.0,0.0,0.0,0.0,1.0
waypoint_g06_P2_wind_east_s1188,waypoint,train,classic_pid_representative,waypoint,Trajectory completed,True,True,True,baseline_partial,0.045662637589198224,0.08874164441040348,9.815274713431338,0.020477758851861535,9.8357524722832,0.0,0.0,0.0,0.0,1.0
waypoint_g06_P3_wind_ne_s1189,waypoint,train,classic_pid_waypoint,waypoint,Trajectory completed,True,True,True,baseline_partial,0.053914951327549886,0.09874610394493921,9.815268703829839,0.020442188549029343,9.835710892378868,0.0,0.0,0.0,0.0,1.0
waypoint_g06_P3_wind_ne_s1189,waypoint,train,classic_pid_representative,waypoint,Trajectory completed,True,True,True,baseline_partial,0.053914951327549886,0.09874610394493921,9.815268703829839,0.020442188549029343,9.835710892378868,0.0,0.0,0.0,0.0,1.0
waypoint_g06_P4_noise_low_s1190,waypoint,train,classic_pid_waypoint,waypoint,Trajectory completed,True,True,True,baseline_partial,0.034652580417208485,0.06736978889276124,9.817130391221536,0.04746017108479483,9.86459056230633,0.0,0.0,0.0,0.0,1.0
waypoint_g06_P4_noise_low_s1190,waypoint,train,classic_pid_representative,waypoint,Trajectory completed,True,True,True,baseline_partial,0.034652580417208485,0.06736978889276124,9.817130391221536,0.04746017108479483,9.86459056230633,0.0,0.0,0.0,0.0,1.0
waypoint_g06_P5_combined_s1191,waypoint,train,classic_pid_waypoint,waypoint,Trajectory completed,True,True,True,baseline_partial,0.11050979310791804,0.16921266403910198,9.766103939153881,0.1319635048079257,9.898067443961807,0.0,0.0,0.0,0.0,1.0
waypoint_g06_P5_combined_s1191,waypoint,train,classic_pid_representative,waypoint,Trajectory completed,True,True,True,baseline_partial,0.11050979310791804,0.16921266403910198,9.766103939153881,0.1319635048079257,9.898067443961807,0.0,0.0,0.0,0.0,1.0
hold_g03_P0_nominal_s1048,hold,test,classic_pid_circle,hold,Time limit reached,True,True,True,comparable,7.557844259887166e-17,2.0799090912258375e-16,9.809999999999999,2.3973859373724795e-16,9.809999999999999,0.0,0.0,0.0,0.0,1.0
hold_g03_P0_nominal_s1048,hold,test,classic_pid_lissajous,hold,Time limit reached,True,True,True,comparable,5.2840458469747034e-17,1.4220500550967845e-16,9.809999999999999,2.4408314551008243e-16,9.809999999999999,0.0,0.0,0.0,0.0,1.0
hold_g03_P0_nominal_s1048,hold,test,classic_pid_waypoint,hold,Time limit reached,True,True,True,comparable,9.166471740896541e-17,1.8758029960103577e-16,9.809999999999999,2.46613081926683e-16,9.809999999999999,0.0,0.0,0.0,0.0,1.0
hold_g03_P2_wind_east_s1049,hold,test,classic_pid_circle,hold,Time limit reached,True,True,True,comparable,0.03676469622283052,0.052632046716554304,9.81000924241117,7.364794739265416e-05,9.81008289035856,0.0,0.0,0.0,0.0,1.0
hold_g03_P2_wind_east_s1049,hold,test,classic_pid_lissajous,hold,Time limit reached,True,True,True,comparable,0.028249469145969833,0.03662535830189536,9.810006383427291,7.425647214807562e-05,9.810080639899438,0.0,0.0,0.0,0.0,1.0
hold_g03_P2_wind_east_s1049,hold,test,classic_pid_waypoint,hold,Time limit reached,True,True,True,comparable,0.029583931905016896,0.0480614782557779,9.810013525183138,0.0001229208581628568,9.810136446041298,0.0,0.0,0.0,0.0,1.0
hold_g05_P5_combined_s1056,hold,test,classic_pid_circle,hold,Time limit reached,True,True,True,comparable,0.13329242703529295,0.17078499228059474,9.810919026259194,0.11244987733843316,9.923368903597627,0.0,0.0,0.0,0.0,1.0
hold_g05_P5_combined_s1056,hold,test,classic_pid_lissajous,hold,Time limit reached,True,True,True,comparable,0.10295878194554468,0.13129905701042233,9.820877098147207,0.1680007488425152,9.988877846989723,0.0,0.0,0.0,0.0,1.0
hold_g05_P5_combined_s1056,hold,test,classic_pid_waypoint,hold,Time limit reached,True,True,True,comparable,0.10830580953049018,0.1551572866701414,9.816598689887511,0.11146079156394363,9.928059481451456,0.0,0.0,0.0,0.0,1.0
circle_g02_P0_nominal_s1066,circle,test,classic_pid_hold,circle,Time limit reached,True,True,True,comparable,0.09498345258398413,0.314312558362445,9.815812347625902,0.004422030818087464,9.820234378443992,0.0,0.0,0.0,0.0,1.0
circle_g02_P0_nominal_s1066,circle,test,classic_pid_lissajous,circle,Time limit reached,True,True,True,comparable,0.029971038784423896,0.208614320361528,9.813031488450727,0.003120779200783921,9.81615226765151,0.0,0.0,0.0,0.0,1.0
circle_g02_P0_nominal_s1066,circle,test,classic_pid_waypoint,circle,Time limit reached,True,True,True,comparable,0.0449549898098898,0.2559334772036399,9.81341600366209,0.002999963859281072,9.81641596752137,0.0,0.0,0.0,0.0,1.0
circle_g02_P5_combined_s1071,circle,test,classic_pid_hold,circle,Time limit reached,True,True,True,comparable,0.1549030871366852,0.3190096905597135,9.811476960734584,0.07894656613128591,9.890423526865872,0.0,0.0,0.0,0.0,1.0
circle_g02_P5_combined_s1071,circle,test,classic_pid_lissajous,circle,Time limit reached,True,True,True,comparable,0.1115731267070343,0.1973818344572101,9.829530565701502,0.17341851186102003,10.00294907756252,0.0,0.22172949002217296,0.0,0.0,1.0
circle_g02_P5_combined_s1071,circle,test,classic_pid_waypoint,circle,Time limit reached,True,True,True,comparable,0.11972923686610716,0.23662189518490695,9.81600269393292,0.11530252812269469,9.931305222055613,0.0,0.0,0.0,0.0,1.0
circle_g04_P5_combined_s1083,circle,test,classic_pid_hold,circle,Time limit reached,True,True,True,comparable,0.1659609433675988,0.43215769231585077,9.800194534123177,0.07595822186893936,9.876152755992115,0.0,1.3303769401330376,0.0,0.0,1.0
circle_g04_P5_combined_s1083,circle,test,classic_pid_lissajous,circle,Attitude angle exceeded limit (1.34 > 1.26),False,False,False,comparable,0.3413379810307788,0.7342289539406858,6.810556185191718,1.1371813688803414,7.9477375540720585,0.0,77.77777777777779,0.0,0.0,0.0
circle_g04_P5_combined_s1083,circle,test,classic_pid_waypoint,circle,Time limit reached,True,True,True,comparable,0.13364170098908387,0.5582974821985685,9.76999448671695,0.11112627533069637,9.881120762047644,0.0,1.7738359201773837,0.0,0.0,1.0
circle_g06_P4_noise_low_s1094,circle,test,classic_pid_hold,circle,Time limit reached,True,True,True,comparable,0.05973356347388637,0.20702954249942573,9.819098777470911,0.02978294603890286,9.848881723509813,0.0,0.0,0.0,0.0,1.0
circle_g06_P4_noise_low_s1094,circle,test,classic_pid_lissajous,circle,Time limit reached,True,True,True,comparable,0.02085531890118716,0.13803248389498027,9.823623649838291,0.059941307454625316,9.883564957292917,0.0,0.0,0.0,0.0,1.0
circle_g06_P4_noise_low_s1094,circle,test,classic_pid_waypoint,circle,Time limit reached,True,True,True,comparable,0.030776178132676565,0.16816906271888146,9.820808770202541,0.04226425812822958,9.86307302833077,0.0,0.0,0.0,0.0,1.0
circle_g07_P2_wind_east_s1098,circle,test,classic_pid_hold,circle,Time limit reached,True,True,True,comparable,0.2361769294567582,0.755027805313625,9.859353112084587,0.011035713128194706,9.870388825212778,0.0,1.1086474501108647,0.0,0.0,1.0
circle_g07_P2_wind_east_s1098,circle,test,classic_pid_lissajous,circle,Time limit reached,True,True,True,comparable,0.08165606301586145,0.5368719568348739,9.785377521627481,0.010763232192827751,9.796140753820307,0.0,1.5521064301552108,0.0,0.0,1.0
circle_g07_P2_wind_east_s1098,circle,test,classic_pid_waypoint,circle,Time limit reached,True,True,True,comparable,0.10852415026941838,0.6218954978690933,9.819863033094663,0.008380752921921778,9.828243786016586,0.0,1.5521064301552108,0.0,0.0,1.0
circle_g07_P3_wind_ne_s1099,circle,test,classic_pid_hold,circle,Time limit reached,True,True,True,comparable,0.23812677450481404,0.7236464579562982,9.859675636640713,0.0109731114664119,9.870648748107127,0.0,1.1086474501108647,0.0,0.0,1.0
circle_g07_P3_wind_ne_s1099,circle,test,classic_pid_lissajous,circle,Time limit reached,True,True,True,comparable,0.0857824703605541,0.5275049500047349,9.785504402163035,0.010773631748754914,9.79627803391179,0.0,1.5521064301552108,0.0,0.0,1.0
circle_g07_P3_wind_ne_s1099,circle,test,classic_pid_waypoint,circle,Time limit reached,True,True,True,comparable,0.11168084459554771,0.6002334569450257,9.820431413282405,0.008332320927727309,9.828763734210133,0.0,1.5521064301552108,0.0,0.0,1.0
circle_g08_P3_wind_ne_s1105,circle,test,classic_pid_hold,circle,Time limit reached,True,True,True,comparable,0.18292640876060695,0.5444352869877598,9.833162415970426,0.008618663687035375,9.841781079657459,0.0,1.1086474501108647,0.0,0.0,1.0
circle_g08_P3_wind_ne_s1105,circle,test,classic_pid_lissajous,circle,Time limit reached,True,True,True,comparable,0.08110051211795694,0.5333158088687638,9.76000672073644,0.009577659862180576,9.769584380598623,0.0,1.5521064301552108,0.0,0.0,1.0
circle_g08_P3_wind_ne_s1105,circle,test,classic_pid_waypoint,circle,Time limit reached,True,True,True,comparable,0.09141827743707882,0.4805237642473165,9.800339171369288,0.006683939573730498,9.807023110943021,0.0,1.5521064301552108,0.0,0.0,1.0
lissajous_g04_P0_nominal_s1126,lissajous,test,classic_pid_hold,lissajous,Time limit reached,True,True,True,comparable,0.253195017787395,0.8422855282289473,9.846738488601824,0.00929329268176267,9.856031781283587,0.0,0.0,0.0,0.0,1.0
lissajous_g04_P0_nominal_s1126,lissajous,test,classic_pid_circle,lissajous,Time limit reached,True,True,True,comparable,0.10844043742610024,0.6985557141018381,9.82587777397546,0.0046019423193585,9.830479716294818,0.0,0.0,0.0,0.0,1.0
lissajous_g04_P0_nominal_s1126,lissajous,test,classic_pid_waypoint,lissajous,Time limit reached,True,True,True,comparable,0.11921384549015374,0.6902028826086298,9.829692893613938,0.005931243071150055,9.835624136685087,0.0,0.0,0.0,0.0,1.0
lissajous_g04_P1_drag_high_s1127,lissajous,test,classic_pid_hold,lissajous,Time limit reached,True,True,True,comparable,0.19941408314920744,0.8499392441828628,9.833863654309766,0.006030964891871095,9.839894619201637,0.0,0.0,0.0,0.0,1.0
lissajous_g04_P1_drag_high_s1127,lissajous,test,classic_pid_circle,lissajous,Time limit reached,True,True,True,comparable,0.11781952372698223,0.705728133923327,9.824619850094646,0.004408893048242077,9.829028743142889,0.0,0.0,0.0,0.0,1.0
lissajous_g04_P1_drag_high_s1127,lissajous,test,classic_pid_waypoint,lissajous,Time limit reached,True,True,True,comparable,0.11938805795671675,0.6973295917515763,9.827441532356614,0.005381617907041907,9.832823150263657,0.0,0.0,0.0,0.0,1.0
lissajous_g05_P0_nominal_s1132,lissajous,test,classic_pid_hold,lissajous,Time limit reached,True,True,True,comparable,0.21728983827449996,0.6877144701912941,9.852475501181566,0.008381175734064723,9.860856676915631,0.0,0.0,0.0,0.0,1.0
lissajous_g05_P0_nominal_s1132,lissajous,test,classic_pid_circle,lissajous,Time limit reached,True,True,True,comparable,0.09042888062583389,0.5698453349836476,9.836775515111977,0.005132116993139707,9.841907632105118,0.0,0.0,0.0,0.0,1.0
lissajous_g05_P0_nominal_s1132,lissajous,test,classic_pid_waypoint,lissajous,Time limit reached,True,True,True,comparable,0.09966896729829006,0.5651143963502626,9.839390364470495,0.006077151259305509,9.845467515729798,0.0,0.0,0.0,0.0,1.0
lissajous_g05_P3_wind_ne_s1135,lissajous,test,classic_pid_hold,lissajous,Time limit reached,True,True,True,comparable,0.22232211730614806,0.6755957199680125,9.85290325989665,0.008425412017874208,9.86132867191452,0.0,0.0,0.0,0.0,1.0
lissajous_g05_P3_wind_ne_s1135,lissajous,test,classic_pid_circle,lissajous,Time limit reached,True,True,True,comparable,0.10168952452506416,0.5373145253384319,9.837092259258295,0.005170363973121372,9.84226262323142,0.0,0.0,0.0,0.0,1.0
lissajous_g05_P3_wind_ne_s1135,lissajous,test,classic_pid_waypoint,lissajous,Time limit reached,True,True,True,comparable,0.10643797934286267,0.5367273022182001,9.839701245096569,0.006102498756798674,9.845803743853367,0.0,0.0,0.0,0.0,1.0
lissajous_g06_P2_wind_east_s1140,lissajous,test,classic_pid_hold,lissajous,Time limit reached,True,True,True,comparable,0.07111588206438833,0.1956013628532048,9.816034939525368,0.002256058655006082,9.818290998180375,0.0,0.0,0.0,0.0,1.0
lissajous_g06_P2_wind_east_s1140,lissajous,test,classic_pid_circle,lissajous,Time limit reached,True,True,True,comparable,0.04479424083223708,0.15982492762189401,9.815074811583916,0.0010299867762027367,9.816104798360119,0.0,0.0,0.0,0.0,1.0
lissajous_g06_P2_wind_east_s1140,lissajous,test,classic_pid_waypoint,lissajous,Time limit reached,True,True,True,comparable,0.041087034011709676,0.15880224008328167,9.815197340604454,0.0013600555093766717,9.816557396113831,0.0,0.0,0.0,0.0,1.0
lissajous_g07_P0_nominal_s1144,lissajous,test,classic_pid_hold,lissajous,Time limit reached,True,True,True,comparable,0.16524784642411608,0.5390916530570492,9.825359923811803,0.00626908367281186,9.831629007484615,0.0,0.0,0.0,0.0,1.0
lissajous_g07_P0_nominal_s1144,lissajous,test,classic_pid_circle,lissajous,Time limit reached,True,True,True,comparable,0.07129003842453617,0.4465586361873206,9.816629838574672,0.0036489077323301217,9.820278746307,0.0,0.0,0.0,0.0,1.0
lissajous_g07_P0_nominal_s1144,lissajous,test,classic_pid_waypoint,lissajous,Time limit reached,True,True,True,comparable,0.07739610298018618,0.44160739061970217,9.818086614375192,0.004404440058776187,9.822491054433968,0.0,0.0,0.0,0.0,1.0
lissajous_g07_P5_combined_s1149,lissajous,test,classic_pid_hold,lissajous,Time limit reached,True,True,True,comparable,0.18058551189785574,0.5204612902748478,9.822684533111943,0.07513569409472969,9.897820227206672,0.0,0.0,0.0,0.0,1.0
lissajous_g07_P5_combined_s1149,lissajous,test,classic_pid_circle,lissajous,Time limit reached,True,True,True,comparable,0.14948491112831036,0.37897207292172186,9.826281160207932,0.10885506937816512,9.935136229586098,0.0,0.0,0.0,0.0,1.0
lissajous_g07_P5_combined_s1149,lissajous,test,classic_pid_waypoint,lissajous,Time limit reached,True,True,True,comparable,0.12936470335685823,0.379763776620292,9.826587293155844,0.10862417272431535,9.93521146588016,0.0,0.0,0.0,0.0,1.0
waypoint_g01_P1_drag_high_s1157,waypoint,test,classic_pid_hold,waypoint,Trajectory completed,True,True,True,comparable,0.052367935385118455,0.11290649175921796,9.817817610042091,0.019098871898192052,9.836916481940284,0.0,0.0,0.0,0.0,1.0
waypoint_g01_P1_drag_high_s1157,waypoint,test,classic_pid_circle,waypoint,Trajectory completed,True,True,True,comparable,0.03851268074095387,0.08110376839296984,9.818388784703371,0.02147566136870865,9.839864446072081,0.0,0.0,0.0,0.0,1.0
waypoint_g01_P1_drag_high_s1157,waypoint,test,classic_pid_lissajous,waypoint,Trajectory completed,True,True,True,comparable,0.028435924468768293,0.0522626226177167,9.819280310060863,0.027656498486228594,9.846936808547092,0.0,0.0,0.0,0.0,1.0
waypoint_g01_P3_wind_ne_s1159,waypoint,test,classic_pid_hold,waypoint,Trajectory completed,True,True,True,comparable,0.08150986897931273,0.16222169420708296,9.818658024735612,0.019476393503033262,9.838134418238646,0.0,0.0,0.0,0.0,1.0
waypoint_g01_P3_wind_ne_s1159,waypoint,test,classic_pid_circle,waypoint,Trajectory completed,True,True,True,comparable,0.06385639201582093,0.1308742880283483,9.819045988452368,0.021792195678847333,9.840838184131217,0.0,0.0,0.0,0.0,1.0
waypoint_g01_P3_wind_ne_s1159,waypoint,test,classic_pid_lissajous,waypoint,Trajectory completed,True,True,True,comparable,0.04710950586572537,0.0920941938348359,9.81999692513634,0.028110252507149925,9.84810717764349,0.0,0.0,0.0,0.0,1.0
waypoint_g02_P3_wind_ne_s1165,waypoint,test,classic_pid_hold,waypoint,Trajectory completed,True,True,True,comparable,0.1336657037899169,0.22471586886809947,9.82392470700238,0.0150128177523615,9.83893752475474,0.0,0.0,0.0,0.0,1.0
waypoint_g02_P3_wind_ne_s1165,waypoint,test,classic_pid_circle,waypoint,Trajectory completed,True,True,True,comparable,0.07428949360076886,0.1542877258456343,9.821665552935823,0.022377977702047348,9.844043530637869,0.0,0.0,0.0,0.0,1.0
waypoint_g02_P3_wind_ne_s1165,waypoint,test,classic_pid_lissajous,waypoint,Trajectory completed,True,True,True,comparable,0.05015052337912792,0.09593901775645342,9.82097674162796,0.024631577915891496,9.845608319543855,0.0,0.0,0.0,0.0,1.0
waypoint_g03_P0_nominal_s1168,waypoint,test,classic_pid_hold,waypoint,Trajectory completed,True,True,True,comparable,0.14019970030498394,0.2292215179647931,9.827059260974545,0.017695572905876804,9.844754833880422,0.0,0.0,0.0,0.0,1.0
waypoint_g03_P0_nominal_s1168,waypoint,test,classic_pid_circle,waypoint,Trajectory completed,True,True,True,comparable,0.0547550906626866,0.0993914739747258,9.822852686797278,0.02825075710804064,9.85110344390532,0.0,0.0,0.0,0.0,1.0
waypoint_g03_P0_nominal_s1168,waypoint,test,classic_pid_lissajous,waypoint,Trajectory completed,True,True,True,comparable,0.02792582251027953,0.053192374843165656,9.821292462114398,0.03460185404617715,9.855894316160574,0.0,0.0,0.0,0.0,1.0
waypoint_g03_P5_combined_s1173,waypoint,test,classic_pid_hold,waypoint,Trajectory completed,True,True,True,comparable,0.14111801639721744,0.2433503576243347,9.837372667238135,0.09607833815164216,9.933451005389777,0.0,0.0,0.0,0.0,1.0
waypoint_g03_P5_combined_s1173,waypoint,test,classic_pid_circle,waypoint,Trajectory completed,True,True,True,comparable,0.12529489103307612,0.17451155554272302,9.851024532889824,0.13213138852650655,9.98315592141633,0.0,0.0,0.0,0.0,1.0
waypoint_g03_P5_combined_s1173,waypoint,test,classic_pid_lissajous,waypoint,Trajectory completed,True,True,True,comparable,0.09387972623943786,0.12150229169084313,9.869523106075885,0.19141186109939984,10.060934967175285,0.0,0.0,0.0,0.0,1.0
waypoint_g04_P0_nominal_s1174,waypoint,test,classic_pid_hold,waypoint,Trajectory completed,True,True,True,comparable,0.13628412152495464,0.23638347968221382,9.828672300178855,0.016550295390507487,9.845222595569364,0.0,0.0,0.0,0.0,1.0
waypoint_g04_P0_nominal_s1174,waypoint,test,classic_pid_circle,waypoint,Trajectory completed,True,True,True,comparable,0.07525337162614583,0.13492635623462854,9.83164652200438,0.028043704549430358,9.859690226553809,0.0,0.0,0.0,0.0,1.0
waypoint_g04_P0_nominal_s1174,waypoint,test,classic_pid_lissajous,waypoint,Trajectory completed,True,True,True,comparable,0.041801417254176146,0.07786373981890432,9.829420458445046,0.03590111673766512,9.865321575182712,0.0,0.0,0.0,0.0,1.0
hold_g03_P0_nominal_s1048_outer_expert,hold,test,neural_outer_force_mlp,hold,Time limit reached,True,True,True,comparable,0.0009335703948096973,0.0013627339034324223,9.81000319229175,7.438395907480788e-05,9.810077576250825,0.0,0.0,0.0,0.0,1.0
hold_g03_P2_wind_east_s1049_outer_expert,hold,test,neural_outer_force_mlp,hold,Time limit reached,True,True,True,comparable,0.022101482020128252,0.03715777174798595,9.810040854276043,0.0006416911782846699,9.810682545454329,0.0,0.0,0.0,0.0,1.0
hold_g05_P5_combined_s1056_outer_expert,hold,test,neural_outer_force_mlp,hold,Time limit reached,True,True,True,comparable,0.0839957792421056,0.13299383779949528,9.855377869172072,0.27100345543258836,10.126381324604662,0.0,0.0,0.0,0.0,1.0
circle_g02_P0_nominal_s1066_outer_expert,circle,test,neural_outer_force_mlp,circle,Time limit reached,True,True,True,comparable,0.03136137621910838,0.20830515739731675,9.81400789877131,0.004524431318401151,9.818532330089713,0.0,0.0,0.0,0.0,1.0
circle_g02_P5_combined_s1071_outer_expert,circle,test,neural_outer_force_mlp,circle,Time limit reached,True,True,True,comparable,0.09054738777399605,0.20182868126010914,9.882789733722044,0.31018652349056314,10.192976257212608,0.0,0.0,0.0,0.0,1.0
circle_g04_P5_combined_s1083_outer_expert,circle,test,neural_outer_force_mlp,circle,Time limit reached,True,True,True,comparable,0.09291740177467475,0.2487673100881682,9.874755340098604,0.31744443323176413,10.192199773330369,0.0,1.1086474501108647,0.0,0.0,1.0
circle_g06_P4_noise_low_s1094_outer_expert,circle,test,neural_outer_force_mlp,circle,Time limit reached,True,True,True,comparable,0.023837429775401417,0.1385251133136357,9.830956110031162,0.08761305090329913,9.91856916093446,0.0,0.0,0.0,0.0,1.0
circle_g07_P2_wind_east_s1098_outer_expert,circle,test,neural_outer_force_mlp,circle,Time limit reached,True,True,True,comparable,0.08415470180047291,0.5199533328483381,9.862384368399065,0.012370804229067514,9.874755172628133,0.0,0.22172949002217296,0.0,0.0,1.0
circle_g07_P3_wind_ne_s1099_outer_expert,circle,test,neural_outer_force_mlp,circle,Time limit reached,True,True,True,comparable,0.08667712916834648,0.5058489165425191,9.86265996598734,0.012408266450698606,9.87506823243804,0.0,0.22172949002217296,0.0,0.0,1.0
circle_g08_P3_wind_ne_s1105_outer_expert,circle,test,neural_outer_force_mlp,circle,Time limit reached,True,True,True,comparable,0.0682848012760275,0.3755288050967503,9.839698103009503,0.009585526802659613,9.849283629812165,0.0,0.22172949002217296,0.0,0.0,1.0
lissajous_g04_P0_nominal_s1126_outer_expert,lissajous,test,neural_outer_force_mlp,lissajous,Time limit reached,True,True,True,comparable,0.07303257814551088,0.5211555522913824,9.840081482645227,0.014487062471324594,9.854568545116551,0.0,0.0,0.0,0.7107952021323856,1.0
lissajous_g04_P1_drag_high_s1127_outer_expert,lissajous,test,neural_outer_force_mlp,lissajous,Time limit reached,True,True,True,comparable,0.07204293391591365,0.5248188280636218,9.837265199930787,0.013407293773963148,9.85067249370475,0.0,0.0,0.0,0.7107952021323856,1.0
lissajous_g05_P0_nominal_s1132_outer_expert,lissajous,test,neural_outer_force_mlp,lissajous,Time limit reached,True,True,True,comparable,0.06067042977180526,0.40868918989858205,9.846617966446331,0.013818158167971935,9.860436124614303,0.0,0.0,0.0,0.0,1.0
lissajous_g05_P3_wind_ne_s1135_outer_expert,lissajous,test,neural_outer_force_mlp,lissajous,Time limit reached,True,True,True,comparable,0.0656649645025374,0.394285058122314,9.846837112342504,0.013826663682966865,9.86066377602547,0.0,0.0,0.0,0.0,1.0
lissajous_g06_P2_wind_east_s1140_outer_expert,lissajous,test,neural_outer_force_mlp,lissajous,Time limit reached,True,True,True,comparable,0.025120770311831773,0.1174086919969814,9.816566063578131,0.0038388854695555635,9.820404949047687,0.0,0.0,0.0,0.0,1.0
lissajous_g07_P0_nominal_s1144_outer_expert,lissajous,test,neural_outer_force_mlp,lissajous,Time limit reached,True,True,True,comparable,0.046881200124230686,0.3174086753314076,9.82303553235258,0.010699179487116576,9.833734711839696,0.0,0.0,0.0,0.0,1.0
lissajous_g07_P5_combined_s1149_outer_expert,lissajous,test,neural_outer_force_mlp,lissajous,Time limit reached,True,True,True,comparable,0.0801662022923329,0.28898653242905686,9.95203148499279,0.37585788984939206,10.327889374842181,0.0,0.0,0.0,0.0,1.0
waypoint_g01_P1_drag_high_s1157_outer_expert,waypoint,test,neural_outer_force_mlp,waypoint,Trajectory completed,True,True,True,comparable,0.06356230799543366,0.11409244747314301,9.82580074097501,0.026151184428443427,9.851951925403453,0.0,0.0,0.0,0.0,1.0
waypoint_g01_P3_wind_ne_s1159_outer_expert,waypoint,test,neural_outer_force_mlp,waypoint,Trajectory completed,True,True,True,comparable,0.08235008928270329,0.15688033661972056,9.82883961700342,0.025960983477829706,9.854800600481248,0.0,0.0,0.0,0.0,1.0
waypoint_g02_P3_wind_ne_s1165_outer_expert,waypoint,test,neural_outer_force_mlp,waypoint,Trajectory completed,True,True,True,comparable,0.07690618456395724,0.16320095095116316,9.827191308970677,0.022193830009892328,9.849385138980567,0.0,0.0,0.0,0.0,1.0
waypoint_g03_P0_nominal_s1168_outer_expert,waypoint,test,neural_outer_force_mlp,waypoint,Trajectory completed,True,True,True,comparable,0.056255142527572924,0.09726860292672784,9.823986279560708,0.030275953332792722,9.854262232893502,0.0,0.0,0.0,0.0,1.0
waypoint_g03_P5_combined_s1173_outer_expert,waypoint,test,neural_outer_force_mlp,waypoint,Trajectory completed,True,True,True,comparable,0.09113057177521904,0.15676731139238959,9.923387707951116,0.3097173830922353,10.23310509104335,0.0,0.0,0.0,0.0,1.0
waypoint_g04_P0_nominal_s1174_outer_expert,waypoint,test,neural_outer_force_mlp,waypoint,Trajectory completed,True,True,True,comparable,0.07129330473859614,0.12077366793050634,9.833435817033138,0.03395134652818327,9.86738716356132,0.0,0.0,0.0,0.0,1.0
hold_g03_P0_nominal_s1048_outer_expert,hold,test,neural_outer_force_gru,hold,Time limit reached,True,True,True,comparable,0.00028975530787261504,0.0004392100668321596,9.810001405138792,9.840350469048299e-06,9.810011245489262,0.0,0.0,0.0,0.0,1.0
hold_g03_P2_wind_east_s1049_outer_expert,hold,test,neural_outer_force_gru,hold,Time limit reached,True,True,True,comparable,0.02298427416965168,0.04017245430332908,9.810031400161543,0.0003693288198914184,9.810400728981431,0.0,0.0,0.0,0.0,1.0
hold_g05_P5_combined_s1056_outer_expert,hold,test,neural_outer_force_gru,hold,Time limit reached,True,True,True,comparable,0.09117197089991515,0.1547028378381385,9.857399358828664,0.25833299400986726,10.115732352838531,0.0,0.0,0.0,0.0,1.0
circle_g02_P0_nominal_s1066_outer_expert,circle,test,neural_outer_force_gru,circle,Time limit reached,True,True,True,comparable,0.03441240671797746,0.21121492982742276,9.81447452333151,0.00454177458025454,9.819016297911764,0.0,0.0,0.0,0.0,1.0
circle_g02_P5_combined_s1071_outer_expert,circle,test,neural_outer_force_gru,circle,Time limit reached,True,True,True,comparable,0.09184583061907976,0.2015702724884018,9.882788007275519,0.3111540436042648,10.193942050879784,0.0,0.0,0.0,0.0,1.0
circle_g04_P5_combined_s1083_outer_expert,circle,test,neural_outer_force_gru,circle,Time limit reached,True,True,True,comparable,0.095856735200271,0.28792024145142503,9.866144215598966,0.3146558685410618,10.18080008414003,0.0,1.1086474501108647,0.0,0.0,1.0
circle_g06_P4_noise_low_s1094_outer_expert,circle,test,neural_outer_force_gru,circle,Time limit reached,True,True,True,comparable,0.025044302140539616,0.1426847859034524,9.830013543456557,0.08446836612637569,9.91448190958293,0.0,0.0,0.0,0.0,1.0
circle_g07_P2_wind_east_s1098_outer_expert,circle,test,neural_outer_force_gru,circle,Time limit reached,True,True,True,comparable,0.14081327394236745,0.741120925110778,9.861569217128286,0.010182398420507437,9.871751615548794,0.0,0.22172949002217296,0.0,0.0,1.0
circle_g07_P3_wind_ne_s1099_outer_expert,circle,test,neural_outer_force_gru,circle,Time limit reached,True,True,True,comparable,0.13958580600462916,0.7047301220812237,9.862147306092567,0.010444400331344372,9.872591706423913,0.0,0.22172949002217296,0.0,0.0,1.0
circle_g08_P3_wind_ne_s1105_outer_expert,circle,test,neural_outer_force_gru,circle,Time limit reached,True,True,True,comparable,0.0898492600057357,0.45385639496789454,9.842540127610597,0.009746744943362487,9.852286872553963,0.0,0.22172949002217296,0.0,0.0,1.0
lissajous_g04_P0_nominal_s1126_outer_expert,lissajous,test,neural_outer_force_gru,lissajous,Time limit reached,True,True,True,comparable,0.22140012091937517,1.175934133593353,9.831502319584546,0.00867205010756238,9.840174369692111,0.0,0.0,0.0,0.0,1.0
lissajous_g04_P1_drag_high_s1127_outer_expert,lissajous,test,neural_outer_force_gru,lissajous,Time limit reached,True,True,True,comparable,0.22502845293250673,1.1975349833659799,9.828595237785823,0.0074982251422543314,9.836093462928076,0.0,0.0,0.0,0.0,1.0
lissajous_g05_P0_nominal_s1132_outer_expert,lissajous,test,neural_outer_force_gru,lissajous,Time limit reached,True,True,True,comparable,0.13554714087422307,0.7774926141305861,9.841920699283628,0.0091206094206871,9.851041308704314,0.0,0.0,0.0,0.0,1.0
lissajous_g05_P3_wind_ne_s1135_outer_expert,lissajous,test,neural_outer_force_gru,lissajous,Time limit reached,True,True,True,comparable,0.12476633146086953,0.7093933549919713,9.84188216181146,0.009389011376002147,9.851271173187463,0.0,0.0,0.0,0.0,1.0
lissajous_g06_P2_wind_east_s1140_outer_expert,lissajous,test,neural_outer_force_gru,lissajous,Time limit reached,True,True,True,comparable,0.026846280962068408,0.14516399996474505,9.815742166667365,0.002785284737761961,9.818527451405126,0.0,0.0,0.0,0.0,1.0
lissajous_g07_P0_nominal_s1144_outer_expert,lissajous,test,neural_outer_force_gru,lissajous,Time limit reached,True,True,True,comparable,0.08069357836409391,0.5229724260193657,9.819032191666707,0.006980669157538394,9.826012860824244,0.0,0.0,0.0,0.0,1.0
lissajous_g07_P5_combined_s1149_outer_expert,lissajous,test,neural_outer_force_gru,lissajous,Time limit reached,True,True,True,comparable,0.08870211557859735,0.3939228175583615,9.952703260750464,0.3722481308951626,10.324951391645627,0.0,0.0,0.0,0.0,1.0
waypoint_g01_P1_drag_high_s1157_outer_expert,waypoint,test,neural_outer_force_gru,waypoint,Trajectory completed,True,True,True,comparable,0.06221855929960065,0.09963191901475395,9.825377477688805,0.024233146500931176,9.849610624189735,0.0,0.0,0.0,0.0,1.0
waypoint_g01_P3_wind_ne_s1159_outer_expert,waypoint,test,neural_outer_force_gru,waypoint,Trajectory completed,True,True,True,comparable,0.0840547136031361,0.16527199416321228,9.829018738913371,0.02789355033799958,9.856912289251373,0.0,0.0,0.0,0.0,1.0
waypoint_g02_P3_wind_ne_s1165_outer_expert,waypoint,test,neural_outer_force_gru,waypoint,Trajectory completed,True,True,True,comparable,0.0935878411782514,0.19265271176020143,9.831833698137007,0.03043864196707272,9.86227234010408,0.0,0.0,0.0,0.0,1.0
waypoint_g03_P0_nominal_s1168_outer_expert,waypoint,test,neural_outer_force_gru,waypoint,Trajectory completed,True,True,True,comparable,0.057287434594105305,0.11472370786515328,9.824432950163258,0.033712089031679326,9.858145039194936,0.0,0.0,0.0,0.0,1.0
waypoint_g03_P5_combined_s1173_outer_expert,waypoint,test,neural_outer_force_gru,waypoint,Trajectory completed,True,True,True,comparable,0.08671280716889261,0.14039484493142884,9.936844977737795,0.3092093002677175,10.246054278005515,0.0,0.0,0.0,0.0,1.0
waypoint_g04_P0_nominal_s1174_outer_expert,waypoint,test,neural_outer_force_gru,waypoint,Trajectory completed,True,True,True,comparable,0.06702611245638058,0.13818908336556215,9.832195607518894,0.03585000081259491,9.868045608331489,0.0,0.0,0.0,0.0,1.0
hold_g03_P0_nominal_s1048_outer_expert,hold,test,neural_outer_force_lstm,hold,Time limit reached,True,True,True,comparable,0.0006875804346203278,0.0010355727871046922,9.809998180704135,1.4254444865298329e-05,9.810012435149,0.0,0.0,0.0,0.0,1.0
hold_g03_P2_wind_east_s1049_outer_expert,hold,test,neural_outer_force_lstm,hold,Time limit reached,True,True,True,comparable,0.021687299243840334,0.03675410039611576,9.810020313853839,0.0002979191969495092,9.810318233050786,0.0,0.0,0.0,0.0,1.0
hold_g05_P5_combined_s1056_outer_expert,hold,test,neural_outer_force_lstm,hold,Time limit reached,True,True,True,comparable,0.08735243603092363,0.14367805541757692,9.85391746078172,0.25675494517805614,10.110672405959777,0.0,0.0,0.0,0.0,1.0
circle_g02_P0_nominal_s1066_outer_expert,circle,test,neural_outer_force_lstm,circle,Time limit reached,True,True,True,comparable,0.05128777272162178,0.3146760627000311,9.814889106426493,0.004436826237738828,9.819325932664231,0.0,0.0,0.0,0.0,1.0
circle_g02_P5_combined_s1071_outer_expert,circle,test,neural_outer_force_lstm,circle,Time limit reached,True,True,True,comparable,0.09662243073128236,0.27842448184943314,9.884966477834913,0.30943557146094564,10.19440204929586,0.0,0.0,0.0,0.0,1.0
circle_g04_P5_combined_s1083_outer_expert,circle,test,neural_outer_force_lstm,circle,Time limit reached,True,True,True,comparable,0.10995052341065188,0.4063160576492534,9.88761762257974,0.31249148772626223,10.200109110306002,0.0,0.6651884700665188,0.0,0.0,1.0
circle_g06_P4_noise_low_s1094_outer_expert,circle,test,neural_outer_force_lstm,circle,Time limit reached,True,True,True,comparable,0.032079487999379784,0.1742483125810133,9.830900561850163,0.08266978225809955,9.913570344108262,0.0,0.0,0.0,0.0,1.0
circle_g07_P2_wind_east_s1098_outer_expert,circle,test,neural_outer_force_lstm,circle,Time limit reached,True,True,True,comparable,0.4820240386657477,1.3889500866770732,9.872151725327063,0.014478072238877227,9.886629797565943,0.0,0.0,0.0,0.0,1.0
circle_g07_P3_wind_ne_s1099_outer_expert,circle,test,neural_outer_force_lstm,circle,Time limit reached,True,True,True,comparable,0.31393683271672773,1.1868983496295675,9.866529694509834,0.012052882238680037,9.878582576748514,0.0,0.0,0.0,0.0,1.0
circle_g08_P3_wind_ne_s1105_outer_expert,circle,test,neural_outer_force_lstm,circle,Time limit reached,True,True,True,comparable,0.14370027209022015,0.7165103275550372,9.843844725456028,0.00850574558744555,9.852350471043474,0.0,0.0,0.0,0.0,1.0
lissajous_g04_P0_nominal_s1126_outer_expert,lissajous,test,neural_outer_force_lstm,lissajous,Time limit reached,True,True,True,comparable,0.2864259431121495,1.4179435000497653,9.825566518910643,0.007961076697940246,9.833527595608583,0.0,0.0,0.0,0.0,1.0
lissajous_g04_P1_drag_high_s1127_outer_expert,lissajous,test,neural_outer_force_lstm,lissajous,Time limit reached,True,True,True,comparable,0.2940637516814184,1.4487544536127686,9.823600812237224,0.006587380556865251,9.830188192794088,0.0,0.0,0.0,0.0,1.0
lissajous_g05_P0_nominal_s1132_outer_expert,lissajous,test,neural_outer_force_lstm,lissajous,Time limit reached,True,True,True,comparable,0.21704816129875432,0.9961008360946829,9.840475325281371,0.008875957019343622,9.849351282300715,0.0,0.0,0.0,0.0,1.0
lissajous_g05_P3_wind_ne_s1135_outer_expert,lissajous,test,neural_outer_force_lstm,lissajous,Time limit reached,True,True,True,comparable,0.17893271354213724,0.8802465063404632,9.840119932363597,0.009405003848718922,9.849524936212319,0.0,0.0,0.0,0.0,1.0
lissajous_g06_P2_wind_east_s1140_outer_expert,lissajous,test,neural_outer_force_lstm,lissajous,Time limit reached,True,True,True,comparable,0.02879498364865923,0.15193261918566062,9.81630741154397,0.0034394810282385407,9.81974689257221,0.0,0.0,0.0,0.0,1.0
lissajous_g07_P0_nominal_s1144_outer_expert,lissajous,test,neural_outer_force_lstm,lissajous,Time limit reached,True,True,True,comparable,0.125127769015258,0.6424606931777928,9.82141839307085,0.00845730893838613,9.829875702009234,0.0,0.0,0.0,0.0,1.0
lissajous_g07_P5_combined_s1149_outer_expert,lissajous,test,neural_outer_force_lstm,lissajous,Time limit reached,True,True,True,comparable,0.10283755651393914,0.47411508739557023,9.948043487161152,0.36164011511821975,10.309683602279371,0.0,0.0,0.0,0.0,1.0
waypoint_g01_P1_drag_high_s1157_outer_expert,waypoint,test,neural_outer_force_lstm,waypoint,Trajectory completed,True,True,True,comparable,0.07094158681683242,0.11725923478554343,9.827376118964965,0.02960619160086689,9.856982310565833,0.0,0.0,0.0,0.0,1.0
waypoint_g01_P3_wind_ne_s1159_outer_expert,waypoint,test,neural_outer_force_lstm,waypoint,Trajectory completed,True,True,True,comparable,0.09023175619105746,0.16075944979129525,9.83086285674165,0.025524523096728483,9.856387379838377,0.0,0.0,0.0,0.0,1.0
waypoint_g02_P3_wind_ne_s1165_outer_expert,waypoint,test,neural_outer_force_lstm,waypoint,Trajectory completed,True,True,True,comparable,0.08862987746779816,0.16906270361699607,9.830472287081319,0.029865055663022024,9.86033734274434,0.0,0.0,0.0,0.0,1.0
waypoint_g03_P0_nominal_s1168_outer_expert,waypoint,test,neural_outer_force_lstm,waypoint,Trajectory completed,True,True,True,comparable,0.05866528392694447,0.10565440759641392,9.82499783656979,0.03188747002719102,9.856885306596979,0.0,0.0,0.0,0.0,1.0
waypoint_g03_P5_combined_s1173_outer_expert,waypoint,test,neural_outer_force_lstm,waypoint,Trajectory completed,True,True,True,comparable,0.08745343779558279,0.1390914003768224,9.931539687423708,0.30512800582336186,10.23666769324707,0.0,0.0,0.0,0.0,1.0
waypoint_g04_P0_nominal_s1174_outer_expert,waypoint,test,neural_outer_force_lstm,waypoint,Trajectory completed,True,True,True,comparable,0.06870928264009098,0.1370333656519714,9.831536439984438,0.03255317785463463,9.864089617839074,0.0,0.0,0.0,0.0,1.0
lemniscate_3d_heavy_wind,lemniscate,ood,classic_pid_hold,lemniscate,Attitude angle exceeded limit (1.29 > 1.26),False,False,False,comparable,0.4354547146950022,1.5617904548156005,8.661036781874714,0.25377412540585137,8.914810907280565,0.0,34.375,0.0,0.0,0.0
lemniscate_3d_heavy_wind,lemniscate,ood,classic_pid_circle,lemniscate,Attitude angle exceeded limit (1.29 > 1.26),False,False,False,comparable,0.5153027897550466,1.8308470734134497,8.546884079288292,0.5179292411331038,9.064813320421395,0.0,37.142857142857146,0.0,0.0,0.0
lemniscate_3d_heavy_wind,lemniscate,ood,classic_pid_lissajous,lemniscate,Attitude angle exceeded limit (1.28 > 1.26),False,False,False,comparable,0.1564361120400508,0.6028271427274,9.17113395406296,0.32416907828105906,9.495303032344017,0.0,25.925925925925924,0.0,0.0,0.0
lemniscate_3d_heavy_wind,lemniscate,ood,classic_pid_representative,lemniscate,Attitude angle exceeded limit (1.28 > 1.26),False,False,False,comparable,0.1564361120400508,0.6028271427274,9.17113395406296,0.32416907828105906,9.495303032344017,0.0,25.925925925925924,0.0,0.0,0.0
lemniscate_3d_heavy_wind,lemniscate,ood,classic_pid_waypoint,lemniscate,Attitude angle exceeded limit (1.29 > 1.26),False,False,False,comparable,0.2795154271794437,1.1139657804751788,9.099628472712398,0.3206454507182123,9.42027392343061,0.0,31.03448275862069,0.0,0.0,0.0
lemniscate_fast_center_yaw,lemniscate,ood,classic_pid_hold,lemniscate,Time limit reached,True,True,True,comparable,0.1792719857905633,0.5676227152748765,9.882416095394518,0.009007573134691896,9.89142366852921,0.0,0.0,0.0,0.0,1.0
lemniscate_fast_center_yaw,lemniscate,ood,classic_pid_circle,lemniscate,Time limit reached,True,True,True,comparable,0.08410244048524748,0.3036713338723877,9.872505489518387,0.006959569857633943,9.879465059376022,0.0,0.0,0.0,0.0,1.0
lemniscate_fast_center_yaw,lemniscate,ood,classic_pid_lissajous,lemniscate,Time limit reached,True,True,True,comparable,0.043378554364735054,0.1688416858170061,9.868322620093448,0.007269767991295859,9.875592388084744,0.0,0.0,0.0,0.0,1.0
lemniscate_fast_center_yaw,lemniscate,ood,classic_pid_representative,lemniscate,Time limit reached,True,True,True,comparable,0.043378554364735054,0.1688416858170061,9.868322620093448,0.007269767991295859,9.875592388084744,0.0,0.0,0.0,0.0,1.0
lemniscate_fast_center_yaw,lemniscate,ood,classic_pid_waypoint,lemniscate,Time limit reached,True,True,True,comparable,0.07578420801350105,0.33238719914991965,9.871720065286697,0.007553269420423704,9.87927333470712,0.0,0.0,0.0,0.0,1.0
lemniscate_combined_extreme,lemniscate,ood,classic_pid_hold,lemniscate,Time limit reached,True,True,True,comparable,0.2705215795689519,0.6686755389984278,9.776010378955434,0.1410440085491881,9.917054387504622,0.0,2.995008319467554,0.0,0.0,1.0
lemniscate_combined_extreme,lemniscate,ood,classic_pid_circle,lemniscate,Time limit reached,True,True,True,comparable,0.2612859814643102,0.5437850088647754,9.803833851572984,0.20161119594168878,10.005445047514671,0.0,3.826955074875208,0.0,0.0,1.0
lemniscate_combined_extreme,lemniscate,ood,classic_pid_lissajous,lemniscate,Attitude angle exceeded limit (1.33 > 1.26),False,False,False,comparable,0.4221779223109429,1.8018669237710645,9.484741204038443,0.8027544242515949,10.287495628290038,0.0,42.857142857142854,0.0,0.0,0.0
lemniscate_combined_extreme,lemniscate,ood,classic_pid_representative,lemniscate,Attitude angle exceeded limit (1.33 > 1.26),False,False,False,comparable,0.4221779223109429,1.8018669237710645,9.484741204038443,0.8027544242515949,10.287495628290038,0.0,42.857142857142854,0.0,0.0,0.0
lemniscate_combined_extreme,lemniscate,ood,classic_pid_waypoint,lemniscate,Attitude angle exceeded limit (1.36 > 1.26),False,False,False,comparable,0.6640127503023069,2.859726669345513,9.413630137813557,0.999223499389206,10.412853637202765,0.0,42.10526315789473,0.0,0.0,0.0
lissajous_3d_speedy,lissajous,ood,classic_pid_hold,lissajous,Time limit reached,True,True,True,comparable,0.25000790362408193,0.9656724890469186,9.910811767734431,0.008969424327495161,9.919781192061928,0.0,0.0,0.0,0.0,1.0
lissajous_3d_speedy,lissajous,ood,classic_pid_circle,lissajous,Time limit reached,True,True,True,comparable,0.1397248688987337,0.8135385869232775,9.894275600478727,0.007014696743003779,9.90129029722173,0.0,0.0,0.0,0.0,1.0
lissajous_3d_speedy,lissajous,ood,classic_pid_lissajous,lissajous,Time limit reached,True,True,True,comparable,0.10235375484744168,0.6810640013105286,9.894010829349217,0.008466722386610328,9.902477551735826,0.0,0.0,0.0,0.0,1.0
lissajous_3d_speedy,lissajous,ood,classic_pid_representative,lissajous,Time limit reached,True,True,True,comparable,0.10235375484744168,0.6810640013105286,9.894010829349217,0.008466722386610328,9.902477551735826,0.0,0.0,0.0,0.0,1.0
lissajous_3d_speedy,lissajous,ood,classic_pid_waypoint,lissajous,Time limit reached,True,True,True,comparable,0.13924497824658416,0.8105508667163267,9.897517841899122,0.007904923524552259,9.905422765423673,0.0,0.0,0.0,0.0,1.0
lissajous_extreme_noise,lissajous,ood,classic_pid_hold,lissajous,Time limit reached,True,True,True,comparable,0.1794712716480876,0.5825565927434729,9.827405972333636,0.1758560266165868,10.003261998950224,0.0,0.0,0.0,0.0,1.0
lissajous_extreme_noise,lissajous,ood,classic_pid_circle,lissajous,Time limit reached,True,True,True,comparable,0.08162204986024649,0.48590685706716563,9.825876276568513,0.24979030514615141,10.075666581714664,0.0,0.0,0.0,0.0,1.0
lissajous_extreme_noise,lissajous,ood,classic_pid_lissajous,lissajous,Time limit reached,True,True,True,comparable,0.06621687076522381,0.3979261980911655,9.882270585122278,0.3692883525023039,10.25155893762458,0.0,0.0,0.0,0.0,1.0
lissajous_extreme_noise,lissajous,ood,classic_pid_representative,lissajous,Time limit reached,True,True,True,comparable,0.06621687076522381,0.3979261980911655,9.882270585122278,0.3692883525023039,10.25155893762458,0.0,0.0,0.0,0.0,1.0
lissajous_extreme_noise,lissajous,ood,classic_pid_waypoint,lissajous,Time limit reached,True,True,True,comparable,0.0924771129410495,0.4805670255362062,9.8363931986549,0.25392300845480265,10.0903162071097,0.0,0.0,0.0,0.0,1.0
composite_circle_to_lemniscate,composite,ood,classic_pid_hold,composite,Attitude angle exceeded limit (1.27 > 1.26),False,False,False,comparable,0.2959168902014812,1.343068782744433,9.614629642877027,0.059224904789187745,9.673854547666215,0.0,7.103825136612022,0.0,0.0,0.0
composite_circle_to_lemniscate,composite,ood,classic_pid_circle,composite,Attitude angle exceeded limit (1.31 > 1.26),False,False,False,comparable,0.17174828049867866,1.0840593158628613,9.620147461316819,0.06121333889205716,9.681360800208877,0.0,6.666666666666667,0.0,0.0,0.0
composite_circle_to_lemniscate,composite,ood,classic_pid_lissajous,composite,Attitude angle exceeded limit (1.29 > 1.26),False,False,False,comparable,0.1431719416542603,1.0148729014693736,9.603022795635058,0.0872021483302365,9.690224943965294,0.0,7.344632768361582,0.0,0.0,0.0
composite_circle_to_lemniscate,composite,ood,classic_pid_representative,composite,Attitude angle exceeded limit (1.29 > 1.26),False,False,False,comparable,0.1431719416542603,1.0148729014693736,9.603022795635058,0.0872021483302365,9.690224943965294,0.0,7.344632768361582,0.0,0.0,0.0
composite_circle_to_lemniscate,composite,ood,classic_pid_waypoint,composite,Attitude angle exceeded limit (1.28 > 1.26),False,False,False,comparable,0.20170905826508434,1.5013511456678452,9.649978139611726,0.06690710966527437,9.716885249277,0.0,7.18232044198895,0.0,0.0,0.0
composite_aggressive_transitions,composite,ood,classic_pid_hold,composite,Composite trajectory completed,True,True,True,comparable,0.2916417652297345,0.9183964671179686,9.652715439134365,0.02971750100839009,9.682432940142755,0.0,4.433497536945813,0.0,0.0,1.0
composite_aggressive_transitions,composite,ood,classic_pid_circle,composite,Composite trajectory completed,True,True,True,comparable,0.260876448875169,0.874717451895196,9.591497470498249,0.03492255231026916,9.626420022808517,0.0,3.9408866995073892,0.0,0.0,1.0
composite_aggressive_transitions,composite,ood,classic_pid_lissajous,composite,Attitude angle exceeded limit (1.29 > 1.26),False,False,False,comparable,0.19535727488715587,0.9657142689701067,9.757832341957771,0.111655041104292,9.869487383062062,0.0,4.580152671755725,0.0,0.0,0.0
composite_aggressive_transitions,composite,ood,classic_pid_representative,composite,Attitude angle exceeded limit (1.29 > 1.26),False,False,False,comparable,0.19535727488715587,0.9657142689701067,9.757832341957771,0.111655041104292,9.869487383062062,0.0,4.580152671755725,0.0,0.0,0.0
composite_aggressive_transitions,composite,ood,classic_pid_waypoint,composite,Attitude angle exceeded limit (1.27 > 1.26),False,False,False,comparable,0.24141394315040451,1.3432574580183219,9.675999901266444,0.10215459068111878,9.778154491947562,0.0,6.015037593984962,0.0,0.0,0.0
helix_ascending_fast,waypoint,ood,classic_pid_hold,waypoint,Trajectory completed,True,True,True,comparable,0.10289597465079807,0.18592988375872685,9.823720979752435,0.02136659587250407,9.845087575624937,0.0,0.0,0.0,0.0,1.0
helix_ascending_fast,waypoint,ood,classic_pid_circle,waypoint,Trajectory completed,True,True,True,comparable,0.09284452997873659,0.16545278062521424,9.825806550465023,0.02466610566402751,9.850472656129048,0.0,0.0,0.0,0.0,1.0
helix_ascending_fast,waypoint,ood,classic_pid_lissajous,waypoint,Trajectory completed,True,True,True,comparable,0.06879290951772797,0.11622706001877091,9.826623224195432,0.0313457218672094,9.857968946062641,0.0,0.0,0.0,0.0,1.0
helix_ascending_fast,waypoint,ood,classic_pid_waypoint,waypoint,Trajectory completed,True,True,True,comparable,0.08313021824218651,0.1466092101415218,9.826944831863663,0.026310847957723996,9.853255679821386,0.0,0.0,0.0,0.0,1.0
helix_ascending_fast,waypoint,ood,classic_pid_representative,waypoint,Trajectory completed,True,True,True,comparable,0.08313021824218651,0.1466092101415218,9.826944831863663,0.026310847957723996,9.853255679821386,0.0,0.0,0.0,0.0,1.0
helix_descending_noise_wind,waypoint,ood,classic_pid_hold,waypoint,Trajectory completed,True,True,True,comparable,0.16806684042828107,0.2741468866639036,9.877575131249124,0.11315591479278515,9.990731046041908,0.0,0.0,0.0,0.0,1.0
helix_descending_noise_wind,waypoint,ood,classic_pid_circle,waypoint,Trajectory completed,True,True,True,comparable,0.16136477311184305,0.24379375832995714,9.87712842274758,0.15391335233676282,10.031041775084345,0.0,0.0,0.0,0.0,1.0
helix_descending_noise_wind,waypoint,ood,classic_pid_lissajous,waypoint,Trajectory completed,True,True,True,comparable,0.125438422124218,0.19032835312734,9.902334622159271,0.2269080797718244,10.129242701931096,0.0,0.0,0.0,0.0,1.0
helix_descending_noise_wind,waypoint,ood,classic_pid_waypoint,waypoint,Trajectory completed,True,True,True,comparable,0.1337197235818423,0.2147320300521918,9.881455100857231,0.16041081722663222,10.041865918083863,0.0,0.0,0.0,0.0,1.0
helix_descending_noise_wind,waypoint,ood,classic_pid_representative,waypoint,Trajectory completed,True,True,True,comparable,0.1337197235818423,0.2147320300521918,9.881455100857231,0.16041081722663222,10.041865918083863,0.0,0.0,0.0,0.0,1.0
helix_tight_aggressive,waypoint,ood,classic_pid_hold,waypoint,Time limit reached,False,True,False,comparable,0.346812149729497,0.6622445636549683,9.767204539006327,0.0022758578481821383,9.76948039685451,0.0,0.0,0.0,0.0,0.0
helix_tight_aggressive,waypoint,ood,classic_pid_circle,waypoint,Time limit reached,False,True,False,comparable,0.3548290618456912,0.5363624444569687,9.767331085626802,0.0025762150522233265,9.769907300679026,0.0,0.0,0.0,0.0,0.0
helix_tight_aggressive,waypoint,ood,classic_pid_lissajous,waypoint,Time limit reached,False,True,False,comparable,0.2730699464215315,0.38931055592470276,9.76771464230256,0.00343977969838073,9.771154422000942,0.0,0.0,0.0,0.0,0.0
helix_tight_aggressive,waypoint,ood,classic_pid_waypoint,waypoint,Time limit reached,False,True,False,comparable,0.2849776022503661,0.5007132479211817,9.767699915360685,0.002733117568653531,9.77043303292934,0.0,0.0,0.0,0.0,0.0
helix_tight_aggressive,waypoint,ood,classic_pid_representative,waypoint,Time limit reached,False,True,False,comparable,0.2849776022503661,0.5007132479211817,9.767699915360685,0.002733117568653531,9.77043303292934,0.0,0.0,0.0,0.0,0.0
lemniscate_combined_extreme,lemniscate,ood,neural_outer_force_mlp,lemniscate,Persistent actuator saturation,False,False,False,comparable,2.2836295597209197,8.238056860657759,6.803052658423268,1.3355184096794368,8.138571068102703,0.0,53.191489361702125,22.413793103448278,35.3448275862069,0.0
lemniscate_3d_heavy_wind,lemniscate,ood,neural_outer_force_mlp,lemniscate,Time limit reached,True,True,True,comparable,0.0739413064338196,0.30231258599051114,9.746098589978736,0.04278196152747548,9.78888055150621,0.0,1.497504159733777,0.0,0.0,1.0
lissajous_3d_speedy,lissajous,ood,neural_outer_force_mlp,lissajous,Time limit reached,True,True,True,comparable,0.10172399688335669,0.6688013706674104,9.90877727612346,0.01643734399764448,9.925214620121107,0.0,0.0,0.0,1.8327224258580472,1.0
lemniscate_fast_center_yaw,lemniscate,ood,neural_outer_force_mlp,lemniscate,Time limit reached,True,True,True,comparable,0.07964271180332341,0.3005850603606691,9.876033763718961,0.010099804488300694,9.886133568207264,0.0,0.0,0.0,0.0,1.0
lissajous_extreme_noise,lissajous,ood,neural_outer_force_mlp,lissajous,Time limit reached,True,True,True,comparable,0.07307917694734872,0.3612825798539986,10.063718025187786,0.6511899810276721,10.714908006215458,0.0,7.321131447587355,0.0,0.19993335554815062,1.0
composite_aggressive_transitions,composite,ood,neural_outer_force_mlp,composite,Composite trajectory completed,True,True,True,comparable,0.1542026151333116,0.44864537754527195,9.753378932978858,0.027367649591072366,9.78074658256993,0.0,3.1746031746031744,0.0,0.0,1.0
composite_circle_to_lemniscate,composite,ood,neural_outer_force_mlp,composite,Composite trajectory completed,True,True,True,comparable,1.5175910215720383,5.2237863912175655,9.105432984616199,0.1107929300858128,9.216225914702013,0.0,12.5,8.784176847004073,22.164048865619545,1.0
helix_descending_noise_wind,waypoint,ood,neural_outer_force_mlp,waypoint,Trajectory completed,True,True,True,comparable,0.10709972973957174,0.20429682537959531,10.024487428007617,0.3783696556593311,10.40285708366695,0.0,0.2680965147453083,0.0,0.0,1.0
helix_ascending_fast,waypoint,ood,neural_outer_force_mlp,waypoint,Trajectory completed,True,True,True,comparable,0.09054586839214776,0.19666543486826346,9.836733014784857,0.030432446169671265,9.867165460954528,0.0,0.0,0.0,0.0,1.0
helix_tight_aggressive,waypoint,ood,neural_outer_force_mlp,waypoint,Time limit reached,False,True,False,comparable,0.21947467820789698,0.40602308843157375,9.820145723401682,0.04272422621732002,9.862869949619,0.0,0.0,0.0,0.0,0.0
lemniscate_combined_extreme,lemniscate,ood,neural_outer_force_gru,lemniscate,Persistent actuator saturation,False,False,False,comparable,0.5561330602894659,3.7591705191915628,9.604384442910174,0.9413075272427349,10.545691970152907,0.0,34.375,0.0,0.0,0.0
lemniscate_3d_heavy_wind,lemniscate,ood,neural_outer_force_gru,lemniscate,Time limit reached,True,True,True,comparable,0.073641360241813,0.4792695618475387,9.756736255365029,0.03961874283022654,9.796354998195257,0.0,1.3311148086522462,0.0,0.0,1.0
lemniscate_fast_center_yaw,lemniscate,ood,neural_outer_force_gru,lemniscate,Time limit reached,True,True,True,comparable,0.12594785680345666,0.6101733099858846,9.878744506209806,0.01077685447187522,9.889521360681682,0.0,0.0,0.0,0.0,1.0
lissajous_3d_speedy,lissajous,ood,neural_outer_force_gru,lissajous,Time limit reached,True,True,True,comparable,0.4207774333085164,1.6059801236825866,9.912402194948172,0.012331793966657125,9.924733988914829,0.0,0.0,0.0,0.0,1.0
composite_aggressive_transitions,composite,ood,neural_outer_force_gru,composite,Composite trajectory completed,True,True,True,comparable,0.35760376800226235,1.1066469753246042,9.801749058262047,0.031567626743586756,9.833316685005634,0.0,2.209944751381215,0.0,0.0,1.0
lissajous_extreme_noise,lissajous,ood,neural_outer_force_gru,lissajous,Time limit reached,True,True,True,comparable,0.09677351575842257,0.5754473889185641,9.975683631127842,0.52641158055166,10.502095211679503,0.0,2.6622296173044924,0.0,0.0,1.0
composite_circle_to_lemniscate,composite,ood,neural_outer_force_gru,composite,Composite trajectory completed,True,True,True,comparable,0.35820465205082164,1.425874467257134,9.569399659663034,0.04680700235162276,9.616206662014656,0.0,6.686046511627906,0.0,0.0,1.0
helix_ascending_fast,waypoint,ood,neural_outer_force_gru,waypoint,Trajectory completed,True,True,True,comparable,0.09443484739660625,0.1868885103936402,9.840131620699491,0.036006992312699965,9.876138613012191,0.0,0.0,0.0,0.0,1.0
helix_descending_noise_wind,waypoint,ood,neural_outer_force_gru,waypoint,Trajectory completed,True,True,True,comparable,0.10298283853010433,0.19754003812174437,10.001216237268702,0.3770188791791363,10.378235116447838,0.0,0.5390835579514826,0.0,0.0,1.0
helix_tight_aggressive,waypoint,ood,neural_outer_force_gru,waypoint,Time limit reached,False,True,False,comparable,0.25139666090477586,0.4848825907191058,9.812610078306825,0.03809710232476235,9.85070718063159,0.0,0.0,0.0,0.0,0.0
lemniscate_combined_extreme,lemniscate,ood,neural_outer_force_lstm,lemniscate,Persistent actuator saturation,False,False,False,comparable,0.3676289518107929,3.14365508925947,9.95254931937353,0.8994586618734999,10.852007981247029,0.0,25.77639751552795,0.0,0.0,0.0
lemniscate_3d_heavy_wind,lemniscate,ood,neural_outer_force_lstm,lemniscate,Time limit reached,True,True,True,comparable,0.14488272555392046,1.0140523731660713,9.759932102365127,0.04075823637457083,9.800690338739695,0.0,1.1647254575707155,0.0,0.0,1.0
lemniscate_fast_center_yaw,lemniscate,ood,neural_outer_force_lstm,lemniscate,Time limit reached,True,True,True,comparable,4.882349171101372,9.466601487230953,9.863250221261076,0.02443059196958788,9.887680813230665,0.0,0.0,0.0,0.0,1.0
lissajous_3d_speedy,lissajous,ood,neural_outer_force_lstm,lissajous,Time limit reached,True,True,True,comparable,3.6114236824303276,7.6894179659265,9.89748244400298,0.029887223549316323,9.927369667552295,0.0,0.0,0.0,0.0,1.0
composite_aggressive_transitions,composite,ood,neural_outer_force_lstm,composite,Composite trajectory completed,True,True,True,comparable,0.3946209556139889,1.0549677571924938,9.79520638980126,0.03301104096521751,9.828217430766477,0.0,2.072538860103627,0.0,0.0,1.0
lissajous_extreme_noise,lissajous,ood,neural_outer_force_lstm,lissajous,Time limit reached,True,True,True,comparable,0.15248031368834783,0.8276513234642522,9.911027787965285,0.4057779092316694,10.316805697196955,0.0,0.8319467554076538,0.0,0.0,1.0
composite_circle_to_lemniscate,composite,ood,neural_outer_force_lstm,composite,Composite trajectory completed,True,True,True,comparable,0.6579003264734603,1.9347071637079476,9.679318221491682,0.048934184153116726,9.728252405644799,0.0,4.3604651162790695,0.0,0.0,1.0
helix_ascending_fast,waypoint,ood,neural_outer_force_lstm,waypoint,Trajectory completed,True,True,True,comparable,0.09054334912568632,0.15752255603731383,9.839828316083615,0.037290013549232934,9.877118329632847,0.0,0.0,0.0,0.0,1.0
helix_descending_noise_wind,waypoint,ood,neural_outer_force_lstm,waypoint,Trajectory completed,True,True,True,comparable,0.10243714111752451,0.200549458645872,9.994328397331136,0.37215855222385497,10.366486949554991,0.0,0.2702702702702703,0.0,0.0,1.0
helix_tight_aggressive,waypoint,ood,neural_outer_force_lstm,waypoint,Time limit reached,False,True,False,comparable,0.23723179280253745,0.6322788346379145,9.771526727095994,0.006931125282239714,9.778457852378232,0.0,0.0,0.0,0.0,0.0
